SampleGroup,mRNA,RNAseq,Value
ER+,TAF9_3,TRA2B_1,-5.86779473881435
ER+,KCNN3_3,THOC7_1,-5.70341239591481
ER+,SQRDL_3,COX6A1_1,4.90451164870102
ER+,SQRDL_3,ATP5G3_1,4.35377145815377
ER+,KCNN3_3,PABPN1_1,-4.34246266110995
ER+,SQRDL_3,ACTR3_1,4.30568306301379
ER+,KCNN3_3,SNRPD2_1,-4.20887117906041
ER+,CYP7B1_3,ECH1_1,3.97964383346246
ER+,SQRDL_3,SSU72_1,3.87531909477721
ER+,CYP7B1_3,FTH1_1,3.87255416511165
ER+,PTPLAD2_3,SH3GL1_1,3.76790679980875
ER+,CYP7B1_3,QARS_1,3.74842220540815
ER+,KCNN3_3,TRA2B_1,-3.62680214193994
ER+,SQRDL_3,PGK1_1,3.5945612597058
ER+,SQRDL_3,FTL_1,3.57563453767581
ER+,SQRDL_3,CHMP4B_1,3.54547703152746
ER+,SQRDL_3,ARF5_1,3.53496555135655
ER+,SQRDL_3,COX7B_1,3.47952718811044
ER+,CYP7B1_3,RBMX_1,3.47800091658067
ER+,CYP7B1_3,DDX42_1,3.42958920201513
ER+,PTPLAD2_3,PCBP1_1,3.37783848891794
ER+,CYP7B1_3,ATIC_1,3.37248128345415
ER+,XPA_3,TRA2B_1,3.23003593466815
ER+,KCNN3_3,SNRPA_1,-3.20756636002004
ER+,SQRDL_3,SF3B5_1,3.19373676670978
ER+,SQRDL_3,WIPI2_1,3.15785880915361
ER+,KCNN3_3,TAF9_1,-3.15093685996408
ER+,CYP7B1_3,SDHC_1,3.12572302259273
ER+,CYP7B1_3,PIGY_1,3.06731886692458
ER+,KCNN3_3,RBBP4_1,-3.05145990577185
ER+,SQRDL_3,ARPC1A_1,3.00577769616682
ER+,KCNN3_3,HNRNPK_1,-2.98900344140644
ER+,CYP7B1_3,ATP5G3_1,2.92782125619339
ER+,SQRDL_3,EMG1_1,2.91429023060279
ER+,PTPLAD2_3,ETF1_1,2.86514381678011
ER+,SQRDL_3,GAPDH_1,2.85024704736556
ER+,CYP7B1_3,EXOSC2_1,2.83148248436835
ER+,SQRDL_3,DYNLL1_1,2.81149286424706
ER+,ST3GAL6_3,TAF10_1,-2.79183352493321
ER+,KCNN3_3,HNRNPA1_1,-2.77721306360875
ER+,PGM2_3,EIF5B_1,-2.75719392658304
ER+,SQRDL_3,YWHAE_1,2.71540817330961
ER+,SQRDL_3,HSP90B1_1,2.71141688912707
ER+,SQRDL_3,KARS_1,2.68194275494908
ER+,TAF9_3,UQCRQ_1,-2.68189531818906
ER+,TAF9_3,ATP5J_1,-2.67012056540552
ER+,SQRDL_3,HMGB1_1,2.65744162694228
ER+,CYP7B1_3,CIRH1A_1,2.64521203034838
ER+,SQRDL_3,WARS_1,2.60932387779857
ER+,TAF9_3,ARPC3_1,-2.60875087868236
ER+,KCNN3_3,VAMP8_1,-2.54760661883858
ER+,SQRDL_3,BUD31_1,2.5057860547062
ER+,SQRDL_3,EIF2S3_1,2.49238716429931
ER+,SQRDL_3,HSPD1_1,2.48905111074901
ER+,SQRDL_3,GPI_1,2.48677754628671
ER+,SQRDL_3,DNASE2_1,2.46934843426649
ER+,SQRDL_3,PRDX1_1,2.4644091185218
ER+,SQRDL_3,TUBA1C_1,2.46280490782869
ER+,SQRDL_3,FUCA2_1,2.46038108476613
ER+,SQRDL_3,EHD1_1,2.42531879025972
ER+,SQRDL_3,NOP56_1,2.42227339342123
ER+,PGM2_3,ETF1_1,-2.4215146259378
ER+,KCNN3_3,ATP5B_1,-2.42129957947186
ER+,SQRDL_3,SNRPD1_1,2.41384593635878
ER+,SQRDL_3,TUBA1B_1,2.41233308803691
ER+,SQRDL_3,FUNDC1_1,2.40992684357512
ER+,SQRDL_3,ARPC2_1,2.38435392582454
ER+,KCNN3_3,COX7A2L_1,-2.37546039304418
ER+,SQRDL_3,UBA1_1,2.37503437353545
ER+,SQRDL_3,SNRPG_1,2.37330201690702
ER+,ST3GAL6_3,HNRNPU_1,-2.36975086015602
ER+,ST3GAL6_3,ATP5A1_1,-2.36376119127826
ER+,SQRDL_3,HNRNPA3_1,2.34595247352075
ER+,SQRDL_3,EIF3I_1,2.33908210925807
ER+,SQRDL_3,NAPA_1,2.31908843773135
ER+,SQRDL_3,UBE2L3_1,2.31898676472701
ER+,SQRDL_3,EIF3CL_1,2.31652519069275
ER+,TAF9_3,TAF9_1,-2.30984589946725
ER+,TAF4B_3,PRPF31_1,-2.30373516117515
ER+,SQRDL_3,UQCRC1_1,2.30147719755373
ER+,SQRDL_3,CAPZB_1,2.28737631403483
ER+,SQRDL_3,HSD17B10_1,2.28407440787394
ER+,TAF4B_3,RIOK2_1,-2.28365077734269
ER+,KCNN3_3,RIOK2_1,-2.27867181640743
ER+,SQRDL_3,ARPC3_1,2.26531962971444
ER+,SQRDL_3,SNRPB_1,2.25685423645695
ER+,CYP7B1_3,GGPS1_1,2.25220977071237
ER+,SQRDL_3,SDHB_1,2.24218674601105
ER+,SQRDL_3,EIF3C_1,2.23682265622366
ER+,CYP7B1_3,EIF1_1,2.23485053235792
ER+,SQRDL_3,ATP5G2_1,2.2190812451345
ER+,SQRDL_3,EIF6_1,2.21474859830992
ER+,SQRDL_3,NARS_1,2.1969987835158
ER+,CYP7B1_3,UQCRH_1,2.19563923890537
ER+,PGM2_3,RAD23A_1,-2.18798177000629
ER+,SQRDL_3,TOMM7_1,2.1825587914567
ER+,SQRDL_3,ELK1_1,2.17465638851432
ER+,SQRDL_3,NPRL2_1,2.16939777486979
ER+,SQRDL_3,COX4I1_1,2.16696423423128
ER+,ST3GAL6_3,PARP2_1,-2.15930923581513
ER+,CH25H_3,FTH1_1,-2.15047389759591
ER+,SQRDL_3,DKC1_1,2.14786588252678
ER+,SQRDL_3,NOP58_1,2.14284419163195
ER+,SQRDL_3,YARS_1,2.13963346613447
ER+,SQRDL_3,COX8A_1,2.13931338729912
ER+,CYP7B1_3,TBL3_1,2.135601660939
ER+,CYP7B1_3,HNRNPA1L2_1,2.13089405133076
ER+,PTPLAD2_3,SF3B2_1,2.12316676541286
ER+,SQRDL_3,STUB1_1,2.11697114140446
ER+,SQRDL_3,ATP5J2_1,2.10683314614237
ER+,SQRDL_3,EPN1_1,2.1006556438269
ER+,SQRDL_3,EIF1AX_1,2.09988530857066
ER+,SQRDL_3,COX6B1_1,2.09577257856963
ER+,SQRDL_3,U2AF1_1,2.08831127563759
ER+,SQRDL_3,SHFM1_1,2.08814403779705
ER+,SQRDL_3,ALDOA_1,2.07274127245073
ER+,SQRDL_3,SOD1_1,2.06199174836424
ER+,SQRDL_3,FARSB_1,2.0592560666806
ER+,CYP7B1_3,ATP5E_1,2.04517935524103
ER+,SQRDL_3,NOP10_1,2.03783312181028
ER+,SQRDL_3,ARHGDIA_1,2.03159927011016
ER+,PGM2_3,ALDOA_1,-2.02876769704644
ER+,CYP7B1_3,GAPDH_1,2.02702366483755
ER+,SQRDL_3,RNASEH2C_1,2.02242726516978
ER+,SQRDL_3,ATP5H_1,2.01457186338206
ER+,SQRDL_3,TCOF1_1,2.01433550422999
ER+,SQRDL_3,TXNL4A_1,2.00260249972566
ER+,KCNN3_3,ATP5E_1,-1.99963218889897
ER+,PGM2_3,HNRNPK_1,-1.99685320550593
ER+,PGM2_3,SNRPD3_1,-1.99078959163409
ER+,SQRDL_3,PDHA1_1,1.98866380114568
ER+,SQRDL_3,FIS1_1,1.98826291563601
ER+,SQRDL_3,UQCRB_1,1.98377327370516
ER+,SQRDL_3,HIBADH_1,1.98325176513243
ER+,SQRDL_3,UQCRQ_1,1.96787649923036
ER+,SQRDL_3,CWC15_1,1.96613376332895
ER+,SQRDL_3,PRDX5_1,1.94515458672009
ER+,SQRDL_3,PEX13_1,1.94300709564952
ER+,SQRDL_3,DCP2_1,1.93881694406955
ER+,SQRDL_3,P2RX5_1,1.92872324870046
ER+,SQRDL_3,COX5A_1,1.91975205390841
ER+,SQRDL_3,PQBP1_1,1.91142127588244
ER+,PTPLAD2_3,UBE2M_1,1.90238583234479
ER+,SQRDL_3,COX5B_1,1.89975893936039
ER+,CYP7B1_3,HSP90B1_1,1.88515452100729
ER+,CYP7B1_3,CNOT3_1,1.87129817618473
ER+,PGM2_3,HNRNPA3_1,-1.86824855292228
ER+,ST3GAL6_3,APEX1_1,-1.8606359398783
ER+,SQRDL_3,ARPC5L_1,1.82764819854532
ER+,PGM2_3,RNF7_1,-1.8245624005109
ER+,SQRDL_3,ATP5B_1,1.80508199886263
ER+,CYP7B1_3,GEMIN8_1,1.80293926007288
ER+,SQRDL_3,TRA2A_1,1.80019921981252
ER+,SQRDL_3,SNRNP70_1,1.79123599927673
ER+,KCNN3_3,COX7C_1,-1.78873703207447
ER+,PGM2_3,SOD1_1,-1.7828156597543
ER+,SQRDL_3,SH3GL1_1,-1.77719222469481
ER+,CYP7B1_3,PRDX1_1,1.77334334846779
ER+,SQRDL_3,UQCR10_1,1.75746357404272
ER+,SQRDL_3,GARS_1,1.75128140354376
ER+,SQRDL_3,HSPA9_1,1.74633410086009
ER+,KCNN3_3,ATG3_1,-1.74430924672851
ER+,KCNN3_3,CHMP4B_1,-1.7422070786971
ER+,SQRDL_3,GEMIN7_1,1.73665947336375
ER+,SQRDL_3,RRAGA_1,1.72149990861168
ER+,CYP7B1_3,PRPF31_1,1.71916666264714
ER+,CYP7B1_3,ATG12_1,1.71573168160236
ER+,SQRDL_3,UBE2D2_1,1.7144510427024
ER+,SQRDL_3,EIF1_1,1.71020886611512
ER+,SQRDL_3,CDC34_1,1.70362382813861
ER+,SQRDL_3,GGPS1_1,1.70159210676086
ER+,CYP7B1_3,KARS_1,1.69973960011735
ER+,SQRDL_3,MPV17L2_1,1.69965356669811
ER+,SQRDL_3,AP1S1_1,1.69573752552568
ER+,CH25H_3,ATP5G3_1,-1.6849540353088
ER+,SQRDL_3,ATP5C1_1,1.667305582748
ER+,KCNN3_3,ARHGDIA_1,-1.66607490394191
ER+,ST3GAL6_3,ATP5O_1,-1.66123564125896
ER+,KCNN3_3,UBE2D2_1,-1.6556649356141
ER+,CYP7B1_3,CAPZB_1,1.65109436540039
ER+,SQRDL_3,SNRPD3_1,1.64587179395549
ER+,CYP7B1_3,TRA2A_1,1.64138809887011
ER+,CYP7B1_3,HMGB1_1,1.63374584251081
ER+,CYP7B1_3,NARS_1,1.63138224241324
ER+,CYP7B1_3,HSPD1_1,1.63082666298921
ER+,CYP7B1_3,HNRNPA3_1,1.6277995155516
ER+,SQRDL_3,UQCRFS1_1,1.62566325327055
ER+,CYP7B1_3,TRA2B_1,-1.62531364086032
ER+,CYP7B1_3,CD63_1,1.62531123595095
ER+,CYP7B1_3,ARPC2_1,1.61836110618532
ER+,CYP7B1_3,TUBA1B_1,1.61724561169486
ER+,KCNN3_3,ARF5_1,-1.61493288949687
ER+,PGM2_3,AP1S1_1,-1.61326486103503
ER+,SQRDL_3,TBL3_1,1.61273851262298
ER+,PGM2_3,UQCR10_1,-1.61218941381621
ER+,TAF9_3,COX7C_1,-1.58322643880498
ER+,CYP7B1_3,SF3B2_1,1.58104681505223
ER+,KCNN3_3,UQCRFS1_1,-1.579843400306
ER+,HSD17B6_3,ALDOA_1,1.57438263409071
ER+,CYP7B1_3,GPI_1,1.55934650513229
ER+,CYP7B1_3,FUCA2_1,1.55910757654386
ER+,TAF9_3,PRPF31_1,-1.55799402445187
ER+,ST3GAL6_3,HNRNPC_1,-1.55252290072772
ER+,PGM2_3,ATP5G2_1,-1.5507051409957
ER+,CYP7B1_3,SNRPD1_1,1.54989292649199
ER+,PGM2_3,FTL_1,-1.54435135886534
ER+,CYP7B1_3,EPN1_1,1.53295575485619
ER+,CYP7B1_3,RIOK2_1,1.52907987590098
ER+,CYP7B1_3,NOP56_1,1.52639350440366
ER+,TAF9_3,RIOK2_1,-1.52254742175436
ER+,CYP7B1_3,EIF2S3_1,1.51948079040004
ER+,SQRDL_3,MCAT_1,1.5174106160253
ER+,CYP7B1_3,EIF3I_1,1.51280804878384
ER+,CYP7B1_3,EIF3CL_1,1.51272724403357
ER+,CYP7B1_3,WARS_1,1.50829505434577
ER+,KCNN3_3,TUBA1B_1,-1.50692745030222
ER+,GTF2A1_3,TRA2B_1,1.50676209441024
ER+,CYP7B1_3,COX4I1_1,1.50224941502056
ER+,PGM2_3,HMGB1_1,-1.49502430045776
ER+,KCNN3_3,RAD23A_1,-1.4875643554971
ER+,KCNN3_3,ATP5O_1,-1.48647364573992
ER+,CYP7B1_3,UQCRC1_1,1.48613108677519
ER+,CYP7B1_3,TUBA1C_1,1.48385661620495
ER+,SQRDL_3,UQCRC2_1,1.48066800078504
ER+,CYP7B1_3,UBA1_1,1.47959129117285
ER+,CYP7B1_3,SNRPB_1,1.4795252432849
ER+,CYP7B1_3,EIF6_1,1.47750801392196
ER+,KCNN3_3,ATP5G2_1,-1.47359772353291
ER+,PGM2_3,UQCRB_1,-1.47295012698958
ER+,SQRDL_3,HNRNPU_1,1.47217174858509
ER+,CYP7B1_3,SNRPG_1,1.46856020786473
ER+,SQRDL_3,VAMP8_1,1.46658606747932
ER+,CYP7B1_3,HNRNPC_1,1.45495451969002
ER+,CYP7B1_3,EIF3C_1,1.45459839172882
ER+,CYP7B1_3,COX8A_1,1.45155497231488
ER+,PTPLAD2_3,RARS_1,1.44967386313053
ER+,CYP7B1_3,PRDX5_1,1.44616464443157
ER+,CYP7B1_3,SOD1_1,1.4445336637823
ER+,CYP7B1_3,GARS_1,1.43784507916163
ER+,CYP7B1_3,YWHAE_1,1.43154176876527
ER+,CYP7B1_3,ARHGDIA_1,1.43028269334943
ER+,CYP7B1_3,EIF1AX_1,1.42210807834794
ER+,CH25H_3,TRA2B_1,1.42063855115898
ER+,CYP7B1_3,ATP5H_1,1.41321548296244
ER+,SQRDL_3,EIF5B_1,1.40854989075468
ER+,CYP7B1_3,COX5A_1,1.40750995733162
ER+,CYP7B1_3,PDHA1_1,1.40354000170988
ER+,CYP7B1_3,COX6B1_1,1.40176694562657
ER+,CYP7B1_3,YARS_1,1.40016655265814
ER+,CYP7B1_3,HSPA9_1,1.39686510124558
ER+,CYP7B1_3,HNRNPA1_1,1.39152989624794
ER+,XPA_3,RAD23A_1,1.39078590525252
ER+,CYP7B1_3,BUD31_1,1.38994912798061
ER+,CYP7B1_3,NAPA_1,1.38930381860734
ER+,CYP7B1_3,DKC1_1,1.38494219947142
ER+,CYP7B1_3,STUB1_1,1.38114897314958
ER+,SQRDL_3,COX7C_1,1.37638074021957
ER+,CYP7B1_3,SHFM1_1,1.37430274184501
ER+,SQRDL_3,RARS_1,1.37228479864049
ER+,SQRDL_3,RNF7_1,1.36917623924303
ER+,CYP7B1_3,PEX13_1,1.36860881433712
ER+,CYP7B1_3,FIS1_1,1.36751737722859
ER+,CYP7B1_3,HIBADH_1,1.36257274633084
ER+,KCNN3_3,TOMM7_1,-1.35399784783999
ER+,CYP7B1_3,FARSB_1,1.35322262200422
ER+,CYP7B1_3,TCOF1_1,1.35302691877645
ER+,CYP7B1_3,ATP5J2_1,1.3528125207566
ER+,CYP7B1_3,UBE2L3_1,1.35142450224637
ER+,CYP7B1_3,CWC15_1,1.34938733512249
ER+,PGM2_3,COX6B1_1,-1.34772645674713
ER+,CYP7B1_3,PQBP1_1,1.34348515613923
ER+,CYP7B1_3,ELK1_1,1.34324994689368
ER+,CYP7B1_3,DCP2_1,1.34255950439065
ER+,BDH2_3,CIRH1A_1,1.33736606851035
ER+,PGM2_3,PRDX5_1,-1.33646102045329
ER+,CYP7B1_3,UQCRC2_1,1.33389772865374
ER+,CYP7B1_3,NOP58_1,1.33242953419739
ER+,CYP7B1_3,UQCR10_1,1.32565374279988
ER+,PTPLAD2_3,EIF5B_1,1.31893442327425
ER+,PTPLAD2_3,CNOT3_1,1.31555484399066
ER+,CYP7B1_3,ARPC5L_1,1.31538569462883
ER+,PGM2_3,ATP5L_1,-1.30671973703324
ER+,HSD17B6_3,TRA2B_1,1.30556467310724
ER+,CYP7B1_3,NOP10_1,1.30390488867972
ER+,CYP7B1_3,FTL_1,1.30261706650189
ER+,PTPLAD2_3,ATG3_1,1.30146691966567
ER+,CYP7B1_3,ATP5B_1,1.29177272386469
ER+,TAF9_3,UBE2M_1,-1.28987987411045
ER+,SQRDL_3,ATP5L_1,1.28847358684954
ER+,CYP7B1_3,TXNL4A_1,1.28724176739597
ER+,CYP7B1_3,ALDOA_1,1.28170160460425
ER+,CYP7B1_3,U2AF1_1,1.27976903497713
ER+,HSD17B6_3,PARP2_1,1.2779001835888
ER+,PGM2_3,COX5B_1,-1.27740743213521
ER+,CYP7B1_3,COX5B_1,1.27442090055877
ER+,SQRDL_3,HNRNPA1_1,1.27267847329335
ER+,PGM2_3,ATP5H_1,-1.27211472230933
ER+,CYP7B1_3,SDHB_1,1.27067579003287
ER+,CYP7B1_3,ATP5A1_1,1.26913368635274
ER+,KCNN3_3,GARS_1,-1.26791253870232
ER+,PTPLAD2_3,ATG12_1,1.26374544623364
ER+,MCAT_3,MCAT_1,1.25930958565589
ER+,KCNN3_3,UQCRC2_1,-1.25786110423239
ER+,CH25H_3,TBL3_1,-1.25624849619436
ER+,PTPLAD2_3,HNRNPA1L2_1,1.25589146796184
ER+,CYP7B1_3,P2RX5_1,1.25443850729545
ER+,CYP7B1_3,AP1S1_1,1.25219639358551
ER+,CYP7B1_3,SNRPD2_1,1.25141474495064
ER+,SQRDL_3,CD63_1,1.24271351241951
ER+,CYP7B1_3,UBE2D2_1,1.23466361913516
ER+,PGM2_3,ATG3_1,-1.23270310709277
ER+,CYP7B1_3,UQCRQ_1,1.23040376002307
ER+,SQRDL_3,UQCRH_1,1.22682587093258
ER+,CH25H_3,UQCRH_1,-1.2171833851029
ER+,CYP7B1_3,HSD17B10_1,1.21481637968878
ER+,HSD17B6_3,UQCRQ_1,1.21161788265648
ER+,CYP7B1_3,SNRPD3_1,1.21054894327572
ER+,CYP7B1_3,NPRL2_1,1.2077670114386
ER+,CH25H_3,GAPDH_1,-1.19331039810822
ER+,CH25H_3,GGPS1_1,-1.18738397232048
ER+,KCNN3_3,CD63_1,-1.18394054791124
ER+,CYP7B1_3,CDC34_1,1.18149841984249
ER+,CH25H_3,EIF1_1,-1.17731295595537
ER+,PGM2_3,SH3GL1_1,-1.16544704409029
ER+,CYP7B1_3,ATP5G2_1,1.16163927352496
ER+,CYP7B1_3,DNASE2_1,1.1607616426526
ER+,PTPLAD2_3,ATP5C1_1,1.15798759613825
ER+,SQRDL_3,RBBP4_1,1.15729286350815
ER+,CYP7B1_3,EIF5B_1,1.1565468886526
ER+,CYP7B1_3,SNRNP70_1,1.15421123000598
ER+,CH25H_3,ECH1_1,-1.15336492200978
ER+,INSL3_3,COX7A2L_1,1.15204204712561
ER+,KCNN3_3,ATP5J_1,-1.15022422328606
ER+,CYP7B1_3,RAD23A_1,1.14599972165699
ER+,PTPLAD2_3,GEMIN8_1,1.11747608231821
ER+,SQRDL_3,COX7A2L_1,1.10729058626587
ER+,HSD17B6_3,SNRPA_1,1.10466890365266
ER+,CH25H_3,QARS_1,-1.09841184647772
ER+,TAF9_3,ATP5L_1,-1.09623808115707
ER+,CYP7B1_3,APEX1_1,1.08799290070357
ER+,CYP7B1_3,RRAGA_1,1.08556129066052
ER+,PTPLAD2_3,ATP5J_1,1.07462742595298
ER+,CYP7B1_3,MPV17L2_1,1.07458194734872
ER+,CH25H_3,HSP90B1_1,-1.06987551067044
ER+,CH25H_3,ATIC_1,-1.04368137516374
ER+,HSD17B6_3,TAF9_1,1.04113092318235
ER+,CYP7B1_3,GEMIN7_1,1.03523561917603
ER+,CYP7B1_3,VAMP8_1,1.03470041674758
ER+,CYP7B1_3,ATP5C1_1,1.02293060501628
ER+,CH25H_3,DDX42_1,-1.02251662572609
ER+,CH25H_3,PRDX1_1,-1.02147731359002
ER+,CYP7B1_3,UQCRFS1_1,1.01527423523807
ER+,CH25H_3,HSPD1_1,-1.01358543495089
ER+,HSD17B6_3,SNRPD2_1,1.00971496598858
ER+,CH25H_3,RBMX_1,-1.00813671026171
ER+,KCNN3_3,UQCRB_1,-1.00584921696487
ER+,CYP7B1_3,HNRNPK_1,0.998094148982405
ER+,CYP7B1_3,ARF5_1,0.997036300510384
ER+,CYP7B1_3,FUNDC1_1,0.988672372159572
ER+,CYP7B1_3,UQCRB_1,0.986050259980185
ER+,SQRDL_3,PARP2_1,0.985713472896601
ER+,CYP7B1_3,MCAT_1,0.983594804301661
ER+,CYP7B1_3,ATP5L_1,0.981557038169145
ER+,KCNN3_3,RNF7_1,-0.968181640125863
ER+,KCNN3_3,ATP5L_1,-0.962437492751654
ER+,KCNN3_3,HSPA9_1,-0.959526554228158
ER+,CH25H_3,NARS_1,-0.958417170490988
ER+,PGM2_3,HNRNPA1_1,-0.953045053546987
ER+,CYP7B1_3,RNASEH2C_1,0.944518667763158
ER+,KCNN3_3,UBE2M_1,-0.941607435097797
ER+,RETSAT_3,ATP5J_1,0.940907457637789
ER+,PGM2_3,TAF9_1,0.940705656805768
ER+,CH25H_3,FUCA2_1,-0.936453191275651
ER+,CH25H_3,KARS_1,-0.933120549880515
ER+,RETSAT_3,ATG3_1,0.925038331151844
ER+,KCNN3_3,ARPC3_1,-0.921024110052361
ER+,CH25H_3,GPI_1,-0.920280099371452
ER+,UNG_3,COX6A1_1,0.91681402674286
ER+,JAK2_3,ATP5A1_1,-0.914895925824096
ER+,PTPLAD2_3,CD63_1,0.913381856668694
ER+,CH25H_3,TRA2A_1,-0.908566037517782
ER+,CH25H_3,SNRPD1_1,-0.90822826062449
ER+,CH25H_3,EIF2S3_1,-0.906633626865761
ER+,PGM2_3,EIF1AX_1,-0.90545832745059
ER+,CYP7B1_3,COX7A2L_1,0.904889954026474
ER+,CH25H_3,NOP56_1,-0.904250243672742
ER+,CH25H_3,SDHC_1,-0.894903421467556
ER+,CH25H_3,ATP5E_1,-0.894475881708358
ER+,CH25H_3,EIF3CL_1,-0.889432566797303
ER+,CH25H_3,EIF6_1,-0.882161649064459
ER+,CYP7B1_3,EHD1_1,0.880303834805865
ER+,CH25H_3,TUBA1C_1,-0.878496071451351
ER+,CYP7B1_3,RBBP4_1,0.876194728465106
ER+,SQRDL_3,RAD23A_1,0.875307196750214
ER+,PGM2_3,ARPC1A_1,-0.874340434127115
ER+,CH25H_3,SNRPB_1,-0.872093919112875
ER+,CH25H_3,HNRNPA1L2_1,-0.867003007217852
ER+,CH25H_3,EIF3I_1,-0.866703122296758
ER+,HSD17B6_3,ATP5B_1,0.866590720393144
ER+,CH25H_3,COX5A_1,-0.866395328309979
ER+,CH25H_3,SOD1_1,-0.864753565391654
ER+,RDH16_3,TRA2B_1,0.862438590077947
ER+,HSD17B6_3,ATG3_1,0.86148953085767
ER+,CH25H_3,EIF3C_1,-0.860828110036003
ER+,CH25H_3,EXOSC2_1,-0.860370722024935
ER+,CH25H_3,BUD31_1,-0.859270459612373
ER+,CH25H_3,COX8A_1,-0.858839914881986
ER+,SQRDL_3,FTH1_1,0.856775164772458
ER+,CH25H_3,UQCRC1_1,-0.856169434077569
ER+,CH25H_3,SNRPG_1,-0.855606393629292
ER+,HSD17B6_3,COX7C_1,0.85493124089662
ER+,CH25H_3,PGK1_1,-0.851523428343976
ER+,CH25H_3,YWHAE_1,-0.846100738114471
ER+,CH25H_3,PIGY_1,-0.84335143964123
ER+,PGM2_3,WIPI2_1,-0.839984417346837
ER+,CH25H_3,EPN1_1,-0.839053939535602
ER+,CH25H_3,CAPZB_1,-0.8385443804485
ER+,CH25H_3,UBA1_1,-0.834645583892757
ER+,PTPLAD2_3,ATP5G3_1,0.834427488536271
ER+,CH25H_3,STUB1_1,-0.833683821711592
ER+,BDH2_3,FTH1_1,0.828400777967658
ER+,CH25H_3,ARPC2_1,-0.828165348422416
ER+,CH25H_3,GEMIN8_1,-0.820365464042981
ER+,CH25H_3,YARS_1,-0.816238527314554
ER+,CH25H_3,HSD17B10_1,-0.810370898201933
ER+,CH25H_3,DKC1_1,-0.807656022300168
ER+,CH25H_3,ATP5H_1,-0.805583262988318
ER+,CH25H_3,COX4I1_1,-0.803858989414307
ER+,CH25H_3,UBE2L3_1,-0.803451484015708
ER+,CH25H_3,SHFM1_1,-0.797450343165008
ER+,CH25H_3,ATP5J2_1,-0.79616534221529
ER+,CH25H_3,PRDX5_1,-0.796051884813359
ER+,CYP7B1_3,HNRNPU_1,0.79579103452597
ER+,NNMT_3,COX7C_1,-0.79501123641853
ER+,CH25H_3,FARSB_1,-0.793056465476566
ER+,PTPLAD2_3,TRA2B_1,0.791420434813551
ER+,CH25H_3,WARS_1,-0.789864284320046
ER+,GTF2A1_3,ATP5J_1,0.788752670967634
ER+,CH25H_3,NAPA_1,-0.787004856577997
ER+,CH25H_3,HIBADH_1,-0.78569561191406
ER+,CH25H_3,NOP58_1,-0.781748517698025
ER+,PTPLAD2_3,UQCRQ_1,-0.780591904900128
ER+,CYP7B1_3,RNF7_1,0.780271137076035
ER+,CH25H_3,PQBP1_1,-0.775779697287963
ER+,CH25H_3,TXNL4A_1,-0.775753682847789
ER+,PTPLAD2_3,ARF5_1,-0.769023082353368
ER+,CH25H_3,PDHA1_1,-0.767644417327018
ER+,PGM2_3,EIF3CL_1,-0.767495660921181
ER+,SQRDL_3,TRA2B_1,-0.767109038777539
ER+,CH25H_3,DNASE2_1,-0.764819917427379
ER+,CH25H_3,ELK1_1,-0.759571313397751
ER+,CH25H_3,FIS1_1,-0.758016448789372
ER+,RDH16_3,SNRPA_1,0.756970447618947
ER+,CH25H_3,TCOF1_1,-0.756258509313814
ER+,MMP2_3,COX7A2L_1,-0.756037320045506
ER+,CH25H_3,ALDOA_1,-0.755619751353758
ER+,CH25H_3,EIF1AX_1,-0.750605444451359
ER+,CH25H_3,COX6B1_1,-0.7495720283855
ER+,CH25H_3,U2AF1_1,-0.748323123324975
ER+,RETSAT_3,TRA2B_1,0.746005367067379
ER+,CYP7B1_3,TOMM7_1,0.740913425976785
ER+,HSD17B6_3,HNRNPK_1,0.740673477083557
ER+,CH25H_3,ARPC5L_1,-0.737786124255032
ER+,CYP7B1_3,PARP2_1,-0.733326186861624
ER+,CH25H_3,TUBA1B_1,-0.726493151620515
ER+,CH25H_3,UQCR10_1,-0.72463161634382
ER+,CH25H_3,NOP10_1,-0.723147187731086
ER+,SQRDL_3,HNRNPK_1,0.721815743291876
ER+,CH25H_3,NPRL2_1,-0.721158623601971
ER+,CH25H_3,SDHB_1,-0.718378133150389
ER+,CH25H_3,PEX13_1,-0.716832232478012
ER+,CH25H_3,CWC15_1,-0.71219565997548
ER+,SQRDL_3,PABPN1_1,0.710889637955131
ER+,PGM2_3,UQCRQ_1,-0.708079410807616
ER+,CH25H_3,COX5B_1,-0.70159424052043
ER+,CH25H_3,CNOT3_1,-0.697001019461852
ER+,CH25H_3,UQCRQ_1,-0.694879025067765
ER+,CH25H_3,SNRPD3_1,-0.693591597082005
ER+,CH25H_3,AP1S1_1,-0.69188762478384
ER+,CH25H_3,CDC34_1,-0.687927219000529
ER+,CYP7B1_3,RARS_1,0.67664821506575
ER+,CH25H_3,RNASEH2C_1,-0.676275560817181
ER+,RAD23A_3,RAD23A_1,0.67180340608969
ER+,PTPLAD2_3,EIF1_1,0.668822954214441
ER+,SQRDL_3,HNRNPC_1,0.659602498085856
ER+,CH25H_3,EIF5B_1,-0.657185670910287
ER+,RDH16_3,ALDOA_1,0.654899083212046
ER+,SQRDL_3,ATP5O_1,0.653624985018979
ER+,RDH16_3,SNRPD2_1,0.652210067253061
ER+,CH25H_3,P2RX5_1,-0.651015140742025
ER+,PTPLAD2_3,ATP5A1_1,0.649634485753363
ER+,CH25H_3,HNRNPA3_1,-0.649143545159549
ER+,CH25H_3,ARHGDIA_1,-0.64451586754136
ER+,PTPLAD2_3,HNRNPC_1,0.644202263760735
ER+,CYP7B1_3,PGK1_1,0.640203980019827
ER+,SQRDL_3,ATP5E_1,0.638977854785651
ER+,PTPLAD2_3,CHMP4B_1,0.631443929182489
ER+,CH25H_3,GARS_1,-0.630899454755086
ER+,TAF4B_3,ATP5J_1,-0.630540800074239
ER+,CH25H_3,FUNDC1_1,-0.628427177463749
ER+,KCNN3_3,HNRNPA3_1,0.628102954582935
ER+,CH25H_3,MPV17L2_1,-0.624771434380572
ER+,CH25H_3,SNRNP70_1,-0.623091398586109
ER+,PTPLAD2_3,ALDOA_1,0.622836957105407
ER+,CH25H_3,ATP5C1_1,-0.620732460644327
ER+,CH25H_3,CIRH1A_1,-0.617081678717652
ER+,CH25H_3,GEMIN7_1,-0.616478068850423
ER+,CH25H_3,ATG12_1,-0.61519229170886
ER+,CH25H_3,CD63_1,-0.610083119658655
ER+,RETSAT_3,SNRPA_1,0.591691786820906
ER+,CH25H_3,EHD1_1,-0.590883328175391
ER+,HSD17B6_3,RAD23A_1,0.585862641984126
ER+,CH25H_3,HMGB1_1,-0.584060602650259
ER+,PTPLAD2_3,ATP5E_1,0.576254894285769
ER+,NNMT_3,RIOK2_1,-0.576191281235948
ER+,CH25H_3,TAF9_1,0.575065075400461
ER+,PGM2_3,ATP5B_1,-0.574298506773239
ER+,RDH16_3,TAF9_1,0.572237552942699
ER+,PTPLAD2_3,PGK1_1,0.566821548364246
ER+,CH25H_3,DCP2_1,-0.566313795483025
ER+,CH25H_3,RRAGA_1,-0.560228812021513
ER+,CH25H_3,MCAT_1,-0.558811179544497
ER+,CH25H_3,ARF5_1,-0.555080344346226
ER+,CH25H_3,FTL_1,-0.547737486663039
ER+,RDH16_3,ATP5B_1,0.545545078191
ER+,CH25H_3,ATP5G2_1,-0.543011516570729
ER+,GTF2A1_3,TAF9_1,0.535347221341475
ER+,PGM2_3,ARPC3_1,-0.535235872335064
ER+,NNMT_3,ARPC1A_1,0.533829046035439
ER+,HSD17B6_3,ATP5J_1,0.533372441387846
ER+,HSD17B6_3,ARPC3_1,0.532270747878212
ER+,PTPLAD2_3,UQCRH_1,0.529988829930176
ER+,PTPLAD2_3,DYNLL1_1,0.521209002323175
ER+,PTPLAD2_3,APEX1_1,0.52099752152163
ER+,PTPLAD2_3,SOD1_1,0.519552848511312
ER+,CH25H_3,SF3B2_1,-0.518854068077796
ER+,PTPLAD2_3,ARPC1A_1,0.507482028517328
ER+,CH25H_3,PARP2_1,0.503065486925662
ER+,PTPLAD2_3,HSP90B1_1,0.500680585311693
ER+,CH25H_3,UQCRC2_1,-0.495333671927051
ER+,PTPLAD2_3,EIF1AX_1,0.492773575729127
ER+,PTPLAD2_3,NAPA_1,0.491585157496527
ER+,PTPLAD2_3,SNRPD3_1,0.483547083255441
ER+,BDH2_3,EIF2S3_1,0.482233523502343
ER+,PTPLAD2_3,HMGB1_1,0.480659801736975
ER+,RDH16_3,HNRNPK_1,0.476464768349917
ER+,PGM2_3,COX7A2L_1,-0.473674808731768
ER+,PTPLAD2_3,ATP5H_1,0.473253308480864
ER+,TAF4B_3,UBE2M_1,-0.469804833014069
ER+,HSD17B6_3,RNF7_1,0.468986075818169
ER+,SQRDL_3,ATP5A1_1,0.465134281770652
ER+,RETSAT_3,SNRPD2_1,0.461333231311604
ER+,CH25H_3,UQCRB_1,-0.457937557910069
ER+,SQRDL_3,TAF9_1,0.457514436285863
ER+,PTPLAD2_3,EMG1_1,0.455276843730721
ER+,PTPLAD2_3,PRDX5_1,0.455140180876752
ER+,PTPLAD2_3,EIF3CL_1,0.452848757716727
ER+,HSD17B6_3,UQCRC2_1,0.452166604563791
ER+,PTPLAD2_3,COX7B_1,0.448155841508133
ER+,SQRDL_3,SNRPA_1,0.447590679789705
ER+,PTPLAD2_3,COX6B1_1,0.447074155916683
ER+,PTPLAD2_3,SF3B5_1,0.444120994508257
ER+,PTPLAD2_3,NARS_1,0.443312253467855
ER+,PTPLAD2_3,HNRNPA3_1,0.443227704665197
ER+,CH25H_3,HNRNPC_1,-0.439878853950624
ER+,PTPLAD2_3,GAPDH_1,0.437193141967562
ER+,PTPLAD2_3,UQCR10_1,0.434888188721799
ER+,PTPLAD2_3,SNRPD1_1,0.430503589293677
ER+,PTPLAD2_3,COX5B_1,0.429352364759371
ER+,PTPLAD2_3,YWHAE_1,0.428244749993387
ER+,PTPLAD2_3,PRDX1_1,0.42624186442192
ER+,PTPLAD2_3,ATP5L_1,0.426057584672514
ER+,PTPLAD2_3,GPI_1,0.421868779594572
ER+,HSD17B6_3,HSPA9_1,0.42160126175505
ER+,RDH16_3,UQCRQ_1,0.421283356891
ER+,PTPLAD2_3,WIPI2_1,0.421115942559965
ER+,PTPLAD2_3,UQCRB_1,0.420549970278201
ER+,ARHGDIB_3,ATP5B_1,-0.416289242214004
ER+,PTPLAD2_3,HNRNPA1_1,0.415249741677745
ER+,PTPLAD2_3,ARPC3_1,0.414841009355288
ER+,PTPLAD2_3,BUD31_1,0.414205880103984
ER+,PTPLAD2_3,EHD1_1,0.413736368176957
ER+,PTPLAD2_3,AP1S1_1,0.412904714210467
ER+,RAD23A_3,TRA2B_1,0.411328643173034
ER+,PTPLAD2_3,FIS1_1,0.405272311121368
ER+,CYP7B1_3,PABPN1_1,0.401297942842838
ER+,RETSAT_3,ATP5B_1,0.399875571504726
ER+,PTPLAD2_3,STUB1_1,0.396596328653653
ER+,CH25H_3,RARS_1,-0.393632170464843
ER+,PTPLAD2_3,RNASEH2C_1,0.391943921595899
ER+,PTPLAD2_3,EPN1_1,0.391870765080356
ER+,PTPLAD2_3,UQCRC1_1,0.386500374237457
ER+,PTPLAD2_3,HSD17B10_1,0.38585936724167
ER+,PTPLAD2_3,RNF7_1,0.383521306411832
ER+,PTPLAD2_3,ARPC2_1,0.382759832005085
ER+,CH25H_3,HNRNPA1_1,-0.381555469926856
ER+,PTPLAD2_3,UBE2L3_1,0.380308032661695
ER+,PTPLAD2_3,TUBA1C_1,0.379919962564829
ER+,PTPLAD2_3,NOP56_1,0.377080644392075
ER+,HSD17B6_3,ATP5L_1,0.37608895997285
ER+,PTPLAD2_3,TUBA1B_1,0.374639562813763
ER+,PTPLAD2_3,HSPD1_1,0.373620456325003
ER+,BDH2_3,HSPD1_1,0.373365287465114
ER+,PTPLAD2_3,TXNL4A_1,0.372422447131576
ER+,PTPLAD2_3,COX5A_1,0.371945523105233
ER+,PTPLAD2_3,DNASE2_1,0.370570876873381
ER+,PTPLAD2_3,EIF2S3_1,0.370418343486539
ER+,BDH2_3,COX5A_1,0.369232395642014
ER+,PTPLAD2_3,EIF3I_1,0.369107978541632
ER+,PTPLAD2_3,HIBADH_1,0.36525671744239
ER+,PTPLAD2_3,EIF3C_1,0.361345510189502
ER+,PTPLAD2_3,COX8A_1,0.360686329360469
ER+,CH25H_3,TAF10_1,0.358296368550656
ER+,HSD17B6_3,DCP2_1,0.357882085788931
ER+,NNMT_3,HSPA9_1,-0.356680308197377
ER+,PTPLAD2_3,COX6A1_1,-0.35319365866823
ER+,CH25H_3,RAD23A_1,-0.35115890615216
ER+,PTPLAD2_3,TRA2A_1,0.3489240001476
ER+,PTPLAD2_3,DKC1_1,0.348666420659836
ER+,HSD17B6_3,COX7A2L_1,0.347075849876811
ER+,CH25H_3,HSPA9_1,-0.345593446204654
ER+,CH25H_3,UQCRFS1_1,-0.345485765626277
ER+,PTPLAD2_3,SNRPA_1,0.345118266671219
ER+,PTPLAD2_3,PQBP1_1,0.343173150979274
ER+,PTPLAD2_3,COX7C_1,0.341795212659855
ER+,PGM2_3,COX7C_1,-0.341049265007145
ER+,SQRDL_3,TAF10_1,-0.339860961672579
ER+,PTPLAD2_3,SNRPB_1,0.338962556922853
ER+,PTPLAD2_3,YARS_1,0.337693195020983
ER+,RDH16_3,RAD23A_1,0.337160504018804
ER+,PTPLAD2_3,HNRNPU_1,0.333903109968064
ER+,NNMT_3,DCP2_1,-0.332366775822576
ER+,PTPLAD2_3,ATP5J2_1,0.330262776591454
ER+,CYP7B1_3,COX7C_1,0.329534740692508
ER+,CH25H_3,UBE2D2_1,-0.328657206810874
ER+,CH25H_3,VAMP8_1,-0.327301679823297
ER+,PTPLAD2_3,SDHB_1,0.322908043075173
ER+,PTPLAD2_3,COX4I1_1,0.320376504148899
ER+,PTPLAD2_3,GEMIN7_1,0.320314895112134
ER+,PTPLAD2_3,RRAGA_1,0.318729413795683
ER+,RETSAT_3,COX7A2L_1,0.318345206595919
ER+,PTPLAD2_3,ARPC5L_1,0.316792557794164
ER+,PTPLAD2_3,NOP58_1,0.314291643494958
ER+,CH25H_3,SNRPA_1,0.313504667371955
ER+,PTPLAD2_3,P2RX5_1,0.312570746436986
ER+,PTPLAD2_3,U2AF1_1,0.310687242912776
ER+,PTPLAD2_3,UQCRFS1_1,0.310155990662739
ER+,PTPLAD2_3,ARHGDIA_1,0.308743538387063
ER+,CH25H_3,ATP5L_1,-0.308504943032098
ER+,CH25H_3,ATP5B_1,-0.305714264917807
ER+,BDH2_3,TRA2B_1,-0.30243036644081
ER+,RETSAT_3,TAF9_1,0.302185814394034
ER+,PTPLAD2_3,PDHA1_1,0.301241943731415
ER+,RETSAT_3,HSPA9_1,0.300923048156031
ER+,PTPLAD2_3,MCAT_1,0.297928285564476
ER+,PTPLAD2_3,CAPZB_1,0.295461117362977
ER+,PTPLAD2_3,TCOF1_1,0.293231874894002
ER+,PTPLAD2_3,HNRNPK_1,0.291278062266052
ER+,RDH16_3,UQCRC2_1,0.29004159347351
ER+,PTPLAD2_3,CDC34_1,0.286611028373557
ER+,PTPLAD2_3,EIF6_1,0.285057010318325
ER+,PTPLAD2_3,TAF10_1,0.283792015693057
ER+,GTF2A1_3,UBE2M_1,0.282412899640672
ER+,CH25H_3,RBBP4_1,-0.277570318783621
ER+,PTPLAD2_3,SHFM1_1,0.277086946430641
ER+,PTPLAD2_3,ELK1_1,0.274129827285805
ER+,TAF4B_3,COX7C_1,-0.273967020395315
ER+,PTPLAD2_3,NOP10_1,0.273042882782372
ER+,BDH2_3,SNRPA_1,0.272935314087952
ER+,GTF2A1_3,UQCRQ_1,0.269707466049175
ER+,PTPLAD2_3,CWC15_1,0.26576212224917
ER+,PTPLAD2_3,FTH1_1,0.265559371193369
ER+,GTF2A1_3,ARPC3_1,0.261766208204547
ER+,CH25H_3,APEX1_1,-0.261328282807592
ER+,RETSAT_3,PARP2_1,-0.260429910699936
ER+,CYP7B1_3,TAF9_1,-0.259552866105687
ER+,PTPLAD2_3,PEX13_1,0.257319195338084
ER+,PTPLAD2_3,TOMM7_1,0.25701795035434
ER+,CH25H_3,COX7C_1,0.257014052575051
ER+,PTPLAD2_3,GARS_1,0.25627030244005
ER+,RDH16_3,RNF7_1,0.256033248820249
ER+,RETSAT_3,UQCRC2_1,0.251899178733463
ER+,RETSAT_3,ALDOA_1,-0.249639260304129
ER+,RDH16_3,HSPA9_1,0.248824265041057
ER+,PTPLAD2_3,FARSB_1,0.246016465915716
ER+,PTPLAD2_3,VAMP8_1,0.245213639825103
ER+,RDH16_3,PARP2_1,0.244153498439254
ER+,PTPLAD2_3,DCP2_1,0.242443094575842
ER+,PTPLAD2_3,SNRNP70_1,0.240104331701959
ER+,PTPLAD2_3,RAD23A_1,0.23728482788139
ER+,CH25H_3,PABPN1_1,-0.235245816607639
ER+,PTPLAD2_3,UBA1_1,0.234714821243192
ER+,TAF4B_3,UQCRQ_1,-0.231217179974073
ER+,PTPLAD2_3,UBE2D2_1,0.228625690378518
ER+,GTF2A1_3,COX7C_1,0.222632094892375
ER+,ST8SIA1_3,ATP5O_1,0.222451912752371
ER+,PTPLAD2_3,MPV17L2_1,0.219389565529361
ER+,CH25H_3,TOMM7_1,-0.218377948818273
ER+,NNMT_3,UBE2M_1,0.217634631742496
ER+,PTPLAD2_3,UQCRC2_1,0.216782000780828
ER+,RETSAT_3,UQCRQ_1,-0.204509263258755
ER+,RDH16_3,ATP5L_1,0.20441686113389
ER+,PTPLAD2_3,PARP2_1,-0.20046053706731
ER+,RETSAT_3,HNRNPK_1,0.197506130140439
ER+,PTPLAD2_3,ATP5G2_1,0.196944330328546
ER+,PTPLAD2_3,GGPS1_1,-0.195893375951633
ER+,CYP7B1_3,SH3GL1_1,0.195500845357701
ER+,CH25H_3,RNF7_1,-0.192148775468947
ER+,PTPLAD2_3,COX7A2L_1,0.191782855842189
ER+,RDH16_3,ATP5O_1,-0.190660506806076
ER+,CH25H_3,ATP5A1_1,-0.190402339824489
ER+,CH25H_3,SNRPD2_1,-0.189119667877724
ER+,RDH16_3,COX7C_1,0.188065700536923
ER+,RETSAT_3,COX7C_1,0.184658121254767
ER+,PTPLAD2_3,ATP5B_1,-0.184282177548407
ER+,SQRDL_3,SNRPD2_1,-0.169841454814622
ER+,PTPLAD2_3,RBBP4_1,0.169560244195296
ER+,CH25H_3,HNRNPU_1,-0.168853577194585
ER+,TAF4B_3,TRA2B_1,0.167647740427731
ER+,PTPLAD2_3,TAF9_1,0.163285804265837
ER+,CYP7B1_3,SNRPA_1,0.163094557636399
ER+,FUT5_3,HNRNPU_1,-0.162933763252466
ER+,CH25H_3,PRPF31_1,-0.157473663370483
ER+,KCNN3_3,HMGB1_1,-0.155007990204695
ER+,RETSAT_3,ATP5L_1,0.148887421529027
ER+,GTF2A1_3,ATP5L_1,0.148589379093578
ER+,UNG_3,SH3GL1_1,0.148459262130013
ER+,NNMT_3,GEMIN8_1,0.146113345478314
ER+,GTF2A1_3,PRPF31_1,-0.144799961483059
ER+,FUT5_3,ATP5A1_1,-0.143734805424501
ER+,PGM2_3,PABPN1_1,-0.132896198640779
ER+,PTPLAD2_3,KARS_1,-0.121898601695817
ER+,RDH16_3,ATG3_1,0.119617312741253
ER+,RETSAT_3,ARPC3_1,-0.117013991196325
ER+,CH25H_3,COX7A2L_1,-0.112233300192943
ER+,CYP7B1_3,TAF10_1,0.109310606436259
ER+,PTPLAD2_3,SNRPG_1,-0.108283764258371
ER+,FUT5_3,PARP2_1,-0.100575859995896
ER+,TAF4B_3,TAF9_1,0.0970215348063533
ER+,FUT5_3,APEX1_1,0.0955146784118435
ER+,CH25H_3,SH3GL1_1,0.0841277389657923
ER+,ST8SIA1_3,APEX1_1,0.0833362465518153
ER+,FUT5_3,ATP5O_1,0.074804190265912
ER+,HSD17B6_3,ATP5O_1,0.0746912871537622
ER+,PTPLAD2_3,FUCA2_1,-0.0740424513985683
ER+,PTPLAD2_3,SNRPD2_1,0.0735966359682341
ER+,RDH16_3,ARPC3_1,-0.0712286228820429
ER+,RDH16_3,COX7A2L_1,-0.0683334601912813
ER+,RETSAT_3,RAD23A_1,-0.0622635959529548
ER+,ST8SIA1_3,TAF10_1,0.0620316323977827
ER+,RETSAT_3,RNF7_1,0.0617878192315078
ER+,FUT5_3,TAF10_1,-0.0616884791901735
ER+,PTPLAD2_3,TBL3_1,0.0609481759235377
ER+,PTPLAD2_3,PABPN1_1,0.0606270624558246
ER+,ST8SIA1_3,HNRNPU_1,-0.0571851006033188
ER+,RETSAT_3,ATP5O_1,0.0559098583678068
ER+,FUT5_3,HNRNPC_1,0.0512626267967516
ER+,RDH16_3,ATP5J_1,0.0433278393907599
ER+,CH25H_3,RIOK2_1,0.0430018491106345
ER+,CH25H_3,HNRNPK_1,-0.0401252466985102
ER+,RETSAT_3,HNRNPA3_1,-0.0352019449011253
ER+,RDH16_3,HNRNPA3_1,0.0348234147115081
ER+,DCTN2_3,ATP5B_1,-0.0293525266026265
ER+,GTF2A1_3,RIOK2_1,-0.0257410166504962
ER+,TAF4B_3,ATP5L_1,-0.0236634330149619
ER+,TAF4B_3,ARPC3_1,0.0220198321476754
ER+,RETSAT_3,DCP2_1,-0.0135486036885674
ER+,ST8SIA1_3,PARP2_1,0.0114367268083773
ER+,RDH16_3,DCP2_1,0.0114192188274004
ER+,HSD17B6_3,HNRNPA3_1,0.0113483793193783
ER+,ST8SIA1_3,HNRNPC_1,-0.00505887064848189
ER+,ST8SIA1_3,ATP5A1_1,-0.0019713107972366
ER-,TAF9_3,TRA2B_1,-11.3186394459719
ER-,TAF9_3,UQCRQ_1,-6.01317118658247
ER-,TAF9_3,TAF9_1,-5.37964245786792
ER-,SQRDL_3,COX6A1_1,5.1714930225216
ER-,SQRDL_3,ACTR3_1,5.1410323929481
ER-,SQRDL_3,SSU72_1,4.54560066432671
ER-,KCNN3_3,THOC7_1,-4.5181317971804
ER-,UNG_3,COX6A1_1,4.40394615117795
ER-,TAF9_3,ATP5J_1,-4.18225085100543
ER-,CYP7B1_3,FTH1_1,4.1699140426045
ER-,TAF9_3,ARPC3_1,-4.04379847060666
ER-,KCNN3_3,PABPN1_1,-4.0195023456903
ER-,PGM2_3,EIF5B_1,-4.0144619411379
ER-,TAF9_3,COX7C_1,-3.97925174508326
ER-,PTPLAD2_3,PCBP1_1,3.74971064532144
ER-,CYP7B1_3,ATP5G3_1,3.53594034946164
ER-,SQRDL_3,CHMP4B_1,3.4185192318579
ER-,SQRDL_3,COX7B_1,3.39361636988796
ER-,PTPLAD2_3,ETF1_1,3.28043928293679
ER-,PGM2_3,HNRNPK_1,-3.21006211455988
ER-,SQRDL_3,SF3B5_1,3.10153379574597
ER-,CYP7B1_3,TRA2B_1,-3.01386379068477
ER-,PGM2_3,HNRNPA3_1,-3.00479659718051
ER-,PGM2_3,RAD23A_1,-2.99371241338602
ER-,PTPLAD2_3,SH3GL1_1,2.97198842583488
ER-,SQRDL_3,WIPI2_1,2.94776524083405
ER-,PGM2_3,SNRPD3_1,-2.94395813179095
ER-,SQRDL_3,ARPC1A_1,2.92670781299424
ER-,PGM2_3,HMGB1_1,-2.83368725759133
ER-,XPA_3,TRA2B_1,2.76507326365319
ER-,CYP7B1_3,ECH1_1,2.74249101597218
ER-,SQRDL_3,DYNLL1_1,2.67843050438274
ER-,SQRDL_3,EMG1_1,2.64976103138897
ER-,CYP7B1_3,QARS_1,2.55420320373506
ER-,CYP7B1_3,UQCRH_1,2.50107448133991
ER-,SQRDL_3,ARF5_1,2.49985333466797
ER-,PGM2_3,AP1S1_1,-2.49408362452649
ER-,GTF2A1_3,TRA2B_1,2.49384627222695
ER-,PGM2_3,RNF7_1,-2.47823879477097
ER-,KCNN3_3,RBBP4_1,-2.4351800659161
ER-,CYP7B1_3,ATP5E_1,2.3979292419354
ER-,CYP7B1_3,EIF1_1,2.39710996420889
ER-,CYP7B1_3,TBL3_1,2.38050605228937
ER-,CYP7B1_3,RBMX_1,2.37394091144946
ER-,PGM2_3,SOD1_1,-2.3326124480637
ER-,CYP7B1_3,HMGB1_1,2.332285589597
ER-,PGM2_3,ALDOA_1,-2.32650786086441
ER-,CYP7B1_3,GAPDH_1,2.32100407670368
ER-,KCNN3_3,SNRPD2_1,-2.32040869086738
ER-,CYP7B1_3,ALDOA_1,2.31260248686668
ER-,SQRDL_3,PGK1_1,2.30257955662099
ER-,CYP7B1_3,DDX42_1,2.28007733401229
ER-,CYP7B1_3,ATIC_1,2.26563552943469
ER-,CYP7B1_3,GGPS1_1,2.25280681632407
ER-,TAF9_3,UBE2M_1,-2.24111948732771
ER-,PGM2_3,ATP5G2_1,-2.20671168598154
ER-,JAK2_3,ATP5A1_1,-2.20511517441953
ER-,SQRDL_3,TOMM7_1,2.19488107754285
ER-,TAF9_3,ATP5L_1,-2.19203983397059
ER-,KCNN3_3,CHMP4B_1,-2.19096972346709
ER-,KCNN3_3,ATG3_1,-2.19040881116097
ER-,CYP7B1_3,HNRNPC_1,2.18538344471952
ER-,CYP7B1_3,HSP90B1_1,2.17878483157388
ER-,CYP7B1_3,PIGY_1,2.17010016132114
ER-,PGM2_3,UQCR10_1,-2.15996724592324
ER-,CYP7B1_3,SDHC_1,2.15851452339442
ER-,PGM2_3,UQCRB_1,-2.14552780304112
ER-,SQRDL_3,FTL_1,2.099882472235
ER-,PGM2_3,FTL_1,-2.08331602153503
ER-,SQRDL_3,ATP5G3_1,2.07875507974813
ER-,HSD17B6_3,TRA2B_1,2.06447348864961
ER-,CYP7B1_3,TUBA1B_1,2.05762172098185
ER-,ST3GAL6_3,TAF10_1,-2.05022449645459
ER-,TAF9_3,PRPF31_1,-2.00964681349677
ER-,PGM2_3,PRDX5_1,-1.99623004178058
ER-,PTPLAD2_3,EIF5B_1,1.98447454141906
ER-,CYP7B1_3,PRDX1_1,1.9721302390882
ER-,CYP7B1_3,EXOSC2_1,1.96912568343197
ER-,PGM2_3,ETF1_1,-1.96891329721925
ER-,TAF9_3,RIOK2_1,-1.9609224095229
ER-,PTPLAD2_3,SF3B2_1,1.93790240839783
ER-,CYP7B1_3,CIRH1A_1,1.92987365782691
ER-,SQRDL_3,ARPC3_1,1.92527567414575
ER-,CYP7B1_3,HNRNPA3_1,1.92197929070377
ER-,CYP7B1_3,HNRNPA1_1,1.91763882444872
ER-,MCAT_3,MCAT_1,1.89718849668192
ER-,CYP7B1_3,FTL_1,1.89162685968929
ER-,PGM2_3,COX6B1_1,-1.88124798804556
ER-,PGM2_3,COX5B_1,-1.88010483061307
ER-,CYP7B1_3,HNRNPA1L2_1,1.87936990003067
ER-,PTPLAD2_3,UBE2M_1,1.8788907098646
ER-,CYP7B1_3,SOD1_1,1.87460492056462
ER-,CYP7B1_3,RAD23A_1,1.86642882824913
ER-,CYP7B1_3,SNRPD1_1,1.86428741510567
ER-,CYP7B1_3,NARS_1,1.86239920780713
ER-,CYP7B1_3,ARPC2_1,1.84283653268603
ER-,KCNN3_3,HNRNPK_1,-1.83214697387564
ER-,CYP7B1_3,WARS_1,1.82509323637286
ER-,CYP7B1_3,GPI_1,1.81747622230496
ER-,CYP7B1_3,KARS_1,1.81620940421971
ER-,CYP7B1_3,ATP5A1_1,1.81423730719748
ER-,SQRDL_3,SH3GL1_1,-1.81061284460211
ER-,CYP7B1_3,FUCA2_1,1.80802051623457
ER-,ST3GAL6_3,HNRNPU_1,-1.80403379871092
ER-,CYP7B1_3,HSPD1_1,1.80111880634801
ER-,CYP7B1_3,EIF3CL_1,1.78829386890649
ER-,KCNN3_3,SNRPA_1,-1.77549233223715
ER-,CYP7B1_3,CAPZB_1,1.7708893196797
ER-,CYP7B1_3,TUBA1C_1,1.76257962674472
ER-,CYP7B1_3,EIF3I_1,1.76046023476144
ER-,PGM2_3,ATP5L_1,-1.75639257062672
ER-,CYP7B1_3,COX6B1_1,1.75499184188047
ER-,CYP7B1_3,TRA2A_1,1.7529661978793
ER-,CYP7B1_3,NOP56_1,1.75278417313327
ER-,CYP7B1_3,SNRPD2_1,1.74881111084016
ER-,HSD17B6_3,SNRPA_1,1.74719732368346
ER-,CYP7B1_3,ATP5G2_1,1.74099397495743
ER-,CYP7B1_3,APEX1_1,1.73385301045921
ER-,CYP7B1_3,ATP5H_1,1.7200895303441
ER-,CYP7B1_3,YWHAE_1,1.71874671406118
ER-,CYP7B1_3,ARHGDIA_1,1.71858116280534
ER-,CYP7B1_3,EIF1AX_1,1.71785423063364
ER-,CYP7B1_3,ATP5B_1,1.71476573515002
ER-,CYP7B1_3,SNRPB_1,1.71082101326251
ER-,CYP7B1_3,UQCR10_1,1.70925162945413
ER-,CYP7B1_3,PRDX5_1,1.7080007014549
ER-,CYP7B1_3,BUD31_1,1.69888525204497
ER-,HSD17B6_3,ATG3_1,1.6929028604887
ER-,CYP7B1_3,SNRPG_1,1.69101044364839
ER-,CYP7B1_3,EPN1_1,1.68886924158622
ER-,SQRDL_3,TUBA1B_1,1.68003987842708
ER-,CYP7B1_3,CNOT3_1,1.67721534358585
ER-,CYP7B1_3,COX4I1_1,1.676695575865
ER-,CYP7B1_3,ARF5_1,1.67586611563275
ER-,CYP7B1_3,UQCRC1_1,1.67377386123642
ER-,CYP7B1_3,EIF2S3_1,1.67054958212446
ER-,CYP7B1_3,COX5B_1,1.66863552607663
ER-,PGM2_3,ATP5H_1,-1.6629481515516
ER-,CYP7B1_3,EIF3C_1,1.66273254805673
ER-,CYP7B1_3,UBA1_1,1.66048871130383
ER-,PGM2_3,TAF9_1,1.65897128199561
ER-,CYP7B1_3,GARS_1,1.6570919282379
ER-,CYP7B1_3,HSPA9_1,1.65536304123168
ER-,CYP7B1_3,SHFM1_1,1.64717022316547
ER-,PGM2_3,SH3GL1_1,-1.64682636131445
ER-,CYP7B1_3,UBE2D2_1,1.64674380068273
ER-,CYP7B1_3,DKC1_1,1.64199387137235
ER-,CYP7B1_3,EIF6_1,1.6376118150903
ER-,CYP7B1_3,CD63_1,1.63017117994843
ER-,ST3GAL6_3,PARP2_1,-1.62615577107896
ER-,CYP7B1_3,UQCRC2_1,1.62343777640805
ER-,CYP7B1_3,PDHA1_1,1.61901293493557
ER-,CYP7B1_3,ATP5J2_1,1.61793338470469
ER-,CYP7B1_3,HNRNPK_1,1.61615817279385
ER-,CYP7B1_3,SNRPD3_1,1.6139731601291
ER-,SQRDL_3,WARS_1,1.61164539610909
ER-,SQRDL_3,EIF2S3_1,1.60844587998429
ER-,TAF4B_3,TRA2B_1,1.60801476788779
ER-,CYP7B1_3,GEMIN8_1,1.60785326589506
ER-,PTPLAD2_3,ATG3_1,1.60023826844679
ER-,PGM2_3,HNRNPA1_1,-1.59981965397618
ER-,SQRDL_3,HMGB1_1,1.59949763269468
ER-,CYP7B1_3,NOP58_1,1.59931272511167
ER-,PTPLAD2_3,CHMP4B_1,1.59851666720225
ER-,CYP7B1_3,COX5A_1,1.59369503575096
ER-,CYP7B1_3,FARSB_1,1.59341430056736
ER-,HSD17B6_3,HNRNPK_1,1.59193989045191
ER-,CYP7B1_3,YARS_1,1.58870263792836
ER-,NNMT_3,COX7C_1,-1.58807346367001
ER-,CYP7B1_3,TCOF1_1,1.58208791881662
ER-,CYP7B1_3,CWC15_1,1.58086160304712
ER-,SQRDL_3,UBE2D2_1,1.58075450571776
ER-,CYP7B1_3,RIOK2_1,1.58038312300987
ER-,SQRDL_3,FUCA2_1,1.57778589862271
ER-,CYP7B1_3,COX8A_1,1.57614039286066
ER-,HSD17B6_3,TAF9_1,1.56842636125756
ER-,CYP7B1_3,AP1S1_1,1.56109441867632
ER-,PGM2_3,ATG3_1,-1.56039852279795
ER-,CYP7B1_3,ELK1_1,1.54883962743073
ER-,CYP7B1_3,HIBADH_1,1.54780837936546
ER-,MMP2_3,COX7A2L_1,-1.54228547114797
ER-,CYP7B1_3,UBE2L3_1,1.53840950420978
ER-,HSD17B6_3,ATP5B_1,1.53415167891654
ER-,CYP7B1_3,TXNL4A_1,1.52793202214148
ER-,ST3GAL6_3,ATP5O_1,-1.52784512172741
ER-,SQRDL_3,KARS_1,1.52384511056765
ER-,CYP7B1_3,NAPA_1,1.52073847430968
ER-,KCNN3_3,ATP5O_1,-1.51989684526455
ER-,CYP7B1_3,PQBP1_1,1.51973178330596
ER-,SQRDL_3,GPI_1,1.51923308819476
ER-,SQRDL_3,HSPD1_1,1.51702214866076
ER-,SQRDL_3,GAPDH_1,1.51595244696757
ER-,CYP7B1_3,U2AF1_1,1.51511304974057
ER-,HSD17B6_3,COX7C_1,1.510946013592
ER-,PGM2_3,EIF1AX_1,-1.5097579173631
ER-,CYP7B1_3,HSD17B10_1,1.50944250927409
ER-,CYP7B1_3,ARPC5L_1,1.50640765542011
ER-,CYP7B1_3,DNASE2_1,1.49691108524215
ER-,CYP7B1_3,FIS1_1,1.49652147293779
ER-,SQRDL_3,BUD31_1,1.48317639186681
ER-,SQRDL_3,UBA1_1,1.48195336290552
ER-,SQRDL_3,YWHAE_1,1.48143521726657
ER-,CYP7B1_3,EIF5B_1,1.47932657576983
ER-,SQRDL_3,PRDX1_1,1.47623987627414
ER-,SQRDL_3,ARHGDIA_1,1.47473979626813
ER-,CYP7B1_3,DCP2_1,1.47311547020469
ER-,CYP7B1_3,NOP10_1,1.47286479889601
ER-,SQRDL_3,SDHB_1,1.47258355830215
ER-,SQRDL_3,TUBA1C_1,1.4683684528927
ER-,CYP7B1_3,STUB1_1,1.46556991454732
ER-,CYP7B1_3,UQCRB_1,1.46554629943134
ER-,PTPLAD2_3,RARS_1,1.45505432666617
ER-,SQRDL_3,UBE2L3_1,1.45241238293902
ER-,HSD17B6_3,ALDOA_1,1.44912794721358
ER-,CYP7B1_3,RNF7_1,1.44894420087505
ER-,RETSAT_3,SNRPA_1,1.44887257116468
ER-,CYP7B1_3,PEX13_1,1.44768725402153
ER-,CYP7B1_3,SDHB_1,1.44666543873412
ER-,PTPLAD2_3,ARPC1A_1,1.44199477469171
ER-,KCNN3_3,TAF9_1,-1.4387989337438
ER-,SQRDL_3,HSP90B1_1,1.43794676248124
ER-,SQRDL_3,DNASE2_1,1.43775996901003
ER-,CYP7B1_3,ATG12_1,1.43712074394147
ER-,SQRDL_3,FUNDC1_1,1.43439781747471
ER-,CYP7B1_3,UQCRFS1_1,1.42584692238395
ER-,KCNN3_3,TRA2B_1,-1.42193348647376
ER-,CYP7B1_3,P2RX5_1,1.41992284333575
ER-,SQRDL_3,EHD1_1,1.41602330491294
ER-,ST3GAL6_3,ATP5A1_1,-1.41375738300007
ER-,SQRDL_3,UQCRC1_1,1.41348036276942
ER-,CYP7B1_3,PGK1_1,1.40007988681049
ER-,PTPLAD2_3,UQCRQ_1,-1.39989717997884
ER-,CYP7B1_3,ATP5C1_1,1.39247417903605
ER-,SQRDL_3,HSD17B10_1,1.37417333873926
ER-,SQRDL_3,COX7C_1,1.37374012042133
ER-,SQRDL_3,NAPA_1,1.37343956579353
ER-,SQRDL_3,SNRPG_1,1.36675413478033
ER-,SQRDL_3,NOP56_1,1.36323929033869
ER-,SQRDL_3,SNRPD1_1,1.36192682648559
ER-,SQRDL_3,ARPC2_1,1.36122798583059
ER-,CYP7B1_3,NPRL2_1,1.33915522348263
ER-,SQRDL_3,EIF3I_1,1.33693936443301
ER-,HSD17B6_3,PARP2_1,1.33303659180429
ER-,CYP7B1_3,EHD1_1,1.32715584381613
ER-,CYP7B1_3,CDC34_1,1.32585063048298
ER-,XPA_3,RAD23A_1,1.32293320939017
ER-,SQRDL_3,VAMP8_1,1.32266874484053
ER-,SQRDL_3,NOP10_1,1.31976823030937
ER-,SQRDL_3,COX4I1_1,1.31908302964296
ER-,SQRDL_3,STUB1_1,1.30972364217491
ER-,SQRDL_3,UQCRFS1_1,1.30374154948677
ER-,SQRDL_3,CAPZB_1,1.300991027344
ER-,CYP7B1_3,FUNDC1_1,1.29488798011221
ER-,CYP7B1_3,SF3B2_1,1.29458570034348
ER-,PTPLAD2_3,WIPI2_1,1.29304033873801
ER-,SQRDL_3,ATP5J2_1,1.28531338056254
ER-,SQRDL_3,COX8A_1,1.28502248989234
ER-,CYP7B1_3,SNRNP70_1,1.28325324085689
ER-,PTPLAD2_3,EMG1_1,1.28062183182155
ER-,PTPLAD2_3,TRA2B_1,1.27817885228982
ER-,KCNN3_3,ATP5B_1,-1.27767386086027
ER-,ST3GAL6_3,APEX1_1,-1.27568172563643
ER-,CYP7B1_3,PRPF31_1,1.27475552607031
ER-,SQRDL_3,EIF6_1,1.27031190952943
ER-,SQRDL_3,YARS_1,1.26291118109648
ER-,PTPLAD2_3,SF3B5_1,1.25103470479241
ER-,CYP7B1_3,VAMP8_1,1.25064867673592
ER-,SQRDL_3,GARS_1,1.247580696241
ER-,CYP7B1_3,GEMIN7_1,1.24557710278976
ER-,SQRDL_3,SNRPB_1,1.24424810315008
ER-,SQRDL_3,EIF3C_1,1.23771089958975
ER-,RETSAT_3,SNRPD2_1,1.23668458423091
ER-,KCNN3_3,COX7A2L_1,-1.23665181242387
ER-,CYP7B1_3,RRAGA_1,1.23632044666322
ER-,CYP7B1_3,RNASEH2C_1,1.23536705159872
ER-,HSD17B6_3,SNRPD2_1,1.23412101161179
ER-,PTPLAD2_3,COX7B_1,1.23068125460227
ER-,RDH16_3,ATG3_1,-1.22960436182011
ER-,KCNN3_3,HNRNPA1_1,-1.22493633186477
ER-,SQRDL_3,SHFM1_1,1.22235821343771
ER-,UNG_3,SH3GL1_1,-1.21580882255382
ER-,KCNN3_3,VAMP8_1,-1.21404098601582
ER-,SQRDL_3,U2AF1_1,1.21302920312816
ER-,PTPLAD2_3,DYNLL1_1,1.20748706655383
ER-,SQRDL_3,PDHA1_1,1.20617666203079
ER-,TAF4B_3,PRPF31_1,-1.20545903119944
ER-,HSD17B6_3,UQCRQ_1,1.19716094236462
ER-,SQRDL_3,NPRL2_1,1.19533857010516
ER-,CYP7B1_3,HNRNPU_1,1.19033193069421
ER-,SQRDL_3,DKC1_1,1.18855251452894
ER-,PTPLAD2_3,ATP5G3_1,1.17857401218817
ER-,SQRDL_3,RNASEH2C_1,1.17647078017945
ER-,CYP7B1_3,MPV17L2_1,1.17573711349907
ER-,SQRDL_3,COX5A_1,1.17014670584597
ER-,RETSAT_3,ATP5B_1,1.15268121738019
ER-,KCNN3_3,COX7C_1,-1.14656657652407
ER-,SQRDL_3,TAF9_1,1.1442910035274
ER-,SQRDL_3,TXNL4A_1,1.1435198101817
ER-,SQRDL_3,CWC15_1,1.14252991468639
ER-,SQRDL_3,NOP58_1,1.14089780812058
ER-,CYP7B1_3,COX7A2L_1,1.14065803064428
ER-,SQRDL_3,P2RX5_1,1.14006415140913
ER-,SQRDL_3,FIS1_1,1.13788876708795
ER-,SQRDL_3,ELK1_1,1.13519822488345
ER-,SQRDL_3,PEX13_1,1.13129700417283
ER-,SQRDL_3,HIBADH_1,1.13120687689717
ER-,SQRDL_3,TCOF1_1,1.12857456289292
ER-,SQRDL_3,ATP5C1_1,1.12780339186337
ER-,RETSAT_3,ALDOA_1,1.12138224563376
ER-,SQRDL_3,FARSB_1,1.11505726381523
ER-,RETSAT_3,TRA2B_1,1.11286962716508
ER-,SQRDL_3,EPN1_1,1.09786781830094
ER-,SQRDL_3,PQBP1_1,1.08586216818301
ER-,SQRDL_3,RARS_1,1.08351822812297
ER-,SQRDL_3,EIF3CL_1,1.07529429300026
ER-,SQRDL_3,DCP2_1,1.07343312327983
ER-,SQRDL_3,CDC34_1,1.07030022666579
ER-,PGM2_3,ATP5B_1,-1.06932679523079
ER-,SQRDL_3,MPV17L2_1,1.06564857844784
ER-,CYP7B1_3,ATP5L_1,1.05512190078986
ER-,SQRDL_3,ARPC5L_1,1.05481223920842
ER-,PTPLAD2_3,ATP5C1_1,1.05323755653589
ER-,SQRDL_3,HNRNPA3_1,1.03771901674879
ER-,CYP7B1_3,MCAT_1,1.0347285968232
ER-,HSD17B6_3,COX7A2L_1,1.03466763877894
ER-,KCNN3_3,HMGB1_1,1.03153230119861
ER-,SQRDL_3,NARS_1,1.01951275133361
ER-,ARHGDIB_3,ATP5B_1,-1.01144133137612
ER-,HSD17B6_3,RAD23A_1,1.0050194156894
ER-,PGM2_3,EIF3CL_1,-1.00104585796125
ER-,SQRDL_3,ATP5G2_1,0.998795784590981
ER-,ST3GAL6_3,HNRNPC_1,-0.99449675415791
ER-,SQRDL_3,HSPA9_1,0.990322580243564
ER-,CYP7B1_3,SNRPA_1,0.988257513731588
ER-,SQRDL_3,ATP5B_1,0.984384888109163
ER-,GTF2A1_3,TAF9_1,0.979376995666715
ER-,ST8SIA1_3,PARP2_1,0.976820363533177
ER-,TAF4B_3,RIOK2_1,-0.974584220084656
ER-,SQRDL_3,RRAGA_1,0.97290242076664
ER-,PTPLAD2_3,ATP5A1_1,0.970772847591211
ER-,SQRDL_3,SNRNP70_1,0.967463608808027
ER-,PTPLAD2_3,EIF1_1,0.967247335225441
ER-,SQRDL_3,GEMIN7_1,0.96303147950157
ER-,GTF2A1_3,ATP5J_1,0.96187711834545
ER-,PGM2_3,COX7A2L_1,-0.957787638566953
ER-,INSL3_3,COX7A2L_1,-0.951814660684985
ER-,SQRDL_3,UQCRB_1,0.950355013087257
ER-,SQRDL_3,ATP5O_1,0.945013102671231
ER-,SQRDL_3,CD63_1,0.942365615452383
ER-,CYP7B1_3,TAF9_1,-0.938264567341727
ER-,ST8SIA1_3,TAF10_1,0.93711546326225
ER-,PTPLAD2_3,PGK1_1,0.925897724817859
ER-,ST8SIA1_3,HNRNPU_1,0.91894236803033
ER-,TAF4B_3,TAF9_1,0.907181118318901
ER-,KCNN3_3,RAD23A_1,-0.902251035439306
ER-,PTPLAD2_3,HNRNPA1_1,0.901227953348545
ER-,PTPLAD2_3,ATP5E_1,0.900674548061538
ER-,SQRDL_3,MCAT_1,0.896805582436853
ER-,SQRDL_3,COX6B1_1,0.893914167769607
ER-,ST8SIA1_3,ATP5O_1,0.889823378720676
ER-,SQRDL_3,COX7A2L_1,0.884464498392771
ER-,PTPLAD2_3,CD63_1,0.884428179368093
ER-,TAF4B_3,ARPC3_1,0.882595035171718
ER-,HSD17B6_3,RNF7_1,0.877971750837802
ER-,SQRDL_3,FTH1_1,-0.873553311608827
ER-,CYP7B1_3,TOMM7_1,0.859970219468176
ER-,TAF4B_3,UQCRQ_1,0.854242099440309
ER-,PTPLAD2_3,HNRNPC_1,0.848656743260771
ER-,PTPLAD2_3,ATP5J_1,0.837389333514314
ER-,PTPLAD2_3,HMGB1_1,0.835627218480953
ER-,KCNN3_3,ATP5J_1,-0.832991728201109
ER-,SQRDL_3,ATP5H_1,0.832500002166607
ER-,CYP7B1_3,RARS_1,0.831944611594087
ER-,PGM2_3,ARPC1A_1,-0.824422367589517
ER-,CYP7B1_3,RBBP4_1,0.818343833283886
ER-,HSD17B6_3,HSPA9_1,0.810880492384218
ER-,KCNN3_3,ARPC3_1,-0.805108521671511
ER-,SQRDL_3,UQCRQ_1,0.796673142715019
ER-,SQRDL_3,PRDX5_1,0.787856240784592
ER-,HSD17B6_3,UQCRC2_1,0.78346087240887
ER-,RETSAT_3,ATP5O_1,-0.78035913421411
ER-,SQRDL_3,EIF1AX_1,0.773286252329435
ER-,PTPLAD2_3,HNRNPU_1,0.759344572596024
ER-,KCNN3_3,ATP5E_1,-0.757267900991267
ER-,RETSAT_3,ARPC3_1,-0.751026571891023
ER-,ST8SIA1_3,ATP5A1_1,0.749833265597183
ER-,PTPLAD2_3,UQCRH_1,0.74053472971717
ER-,KCNN3_3,UQCRC2_1,-0.740332287969736
ER-,CH25H_3,ATP5G3_1,-0.736431001101014
ER-,CYP7B1_3,UQCRQ_1,0.735998968728144
ER-,PTPLAD2_3,HSP90B1_1,0.734456598460743
ER-,SQRDL_3,PARP2_1,0.734263641238558
ER-,PTPLAD2_3,GAPDH_1,0.72985764783188
ER-,HSD17B6_3,ATP5O_1,0.729468929350268
ER-,PTPLAD2_3,ATG12_1,0.725399512862771
ER-,CH25H_3,FTH1_1,-0.724541876988511
ER-,RETSAT_3,COX7C_1,0.718722924047983
ER-,CYP7B1_3,TAF10_1,0.718429583728864
ER-,CH25H_3,CIRH1A_1,0.71805598735332
ER-,PTPLAD2_3,YWHAE_1,0.711995178320765
ER-,PTPLAD2_3,CNOT3_1,0.70973236918862
ER-,SQRDL_3,TRA2B_1,0.700250902250179
ER-,PTPLAD2_3,EIF1AX_1,0.692424603574552
ER-,BDH2_3,TRA2B_1,0.690951026377216
ER-,SQRDL_3,UQCRC2_1,0.690476745096957
ER-,GTF2A1_3,UQCRQ_1,0.688735455881175
ER-,SQRDL_3,GGPS1_1,0.688524872476319
ER-,HSD17B6_3,ARPC3_1,0.688122049543459
ER-,PTPLAD2_3,HNRNPA3_1,0.682351363544765
ER-,CH25H_3,TRA2B_1,0.680046952368966
ER-,HSD17B6_3,ATP5J_1,0.676180918684699
ER-,KCNN3_3,ARF5_1,-0.675287571526044
ER-,KCNN3_3,ARHGDIA_1,-0.668993329826641
ER-,RETSAT_3,RAD23A_1,0.666929705144203
ER-,SQRDL_3,RBBP4_1,0.66569544428615
ER-,RAD23A_3,RAD23A_1,0.65703498245019
ER-,PTPLAD2_3,UQCRB_1,0.655267949604543
ER-,PTPLAD2_3,TUBA1B_1,0.654261020980473
ER-,PTPLAD2_3,HNRNPA1L2_1,0.652180654667983
ER-,KCNN3_3,TOMM7_1,-0.650204268498553
ER-,PTPLAD2_3,SNRPD3_1,0.643102901329641
ER-,SQRDL_3,SNRPD2_1,-0.639814184596599
ER-,PGM2_3,WIPI2_1,-0.635280872023678
ER-,SQRDL_3,SOD1_1,0.62301313163772
ER-,GTF2A1_3,COX7C_1,0.619960275976609
ER-,PTPLAD2_3,EHD1_1,0.619033438072643
ER-,KCNN3_3,HNRNPA3_1,0.618391907381285
ER-,SQRDL_3,COX5B_1,0.616799818795025
ER-,HSD17B6_3,ATP5L_1,0.613886083578795
ER-,PTPLAD2_3,NOP56_1,0.61320033916045
ER-,SQRDL_3,TRA2A_1,0.610649610973657
ER-,PTPLAD2_3,UQCRFS1_1,0.610632359880819
ER-,PTPLAD2_3,APEX1_1,0.610043289373259
ER-,PTPLAD2_3,NAPA_1,0.609464041127765
ER-,PTPLAD2_3,HSPD1_1,0.607622904111777
ER-,CH25H_3,COX7C_1,0.606714246506523
ER-,CH25H_3,PRPF31_1,0.606505064321198
ER-,PTPLAD2_3,AP1S1_1,0.603653054444785
ER-,PTPLAD2_3,EIF3CL_1,0.602711828105368
ER-,CH25H_3,PGK1_1,-0.599663928023299
ER-,PTPLAD2_3,NARS_1,0.598537333574612
ER-,PTPLAD2_3,TRA2A_1,0.587547733574282
ER-,PTPLAD2_3,GPI_1,0.583706014180536
ER-,PTPLAD2_3,SOD1_1,0.581593744237576
ER-,PTPLAD2_3,DKC1_1,0.579443863050057
ER-,KCNN3_3,UQCRB_1,-0.579177626814934
ER-,HSD17B6_3,HNRNPA3_1,0.569777271559473
ER-,SQRDL_3,HNRNPU_1,0.565980048290369
ER-,CH25H_3,HNRNPU_1,-0.565707557157636
ER-,PTPLAD2_3,ARPC2_1,0.563907448410554
ER-,KCNN3_3,GARS_1,-0.563137470281966
ER-,PTPLAD2_3,PRDX5_1,0.56214696575542
ER-,PTPLAD2_3,COX5B_1,0.555865070616656
ER-,PTPLAD2_3,COX6B1_1,0.55515565735019
ER-,CH25H_3,TBL3_1,-0.552912388686315
ER-,PTPLAD2_3,TUBA1C_1,0.552184762961037
ER-,PTPLAD2_3,GARS_1,0.548792870912778
ER-,PTPLAD2_3,UBE2L3_1,0.548485757685438
ER-,PTPLAD2_3,ARHGDIA_1,0.544357745290571
ER-,PTPLAD2_3,SNRPD1_1,0.54200394832497
ER-,PTPLAD2_3,TAF10_1,0.537111000658796
ER-,PTPLAD2_3,ATP5H_1,0.536291592344554
ER-,PTPLAD2_3,UQCR10_1,0.536068401029956
ER-,PTPLAD2_3,UBE2D2_1,0.53601146740316
ER-,PTPLAD2_3,COX6A1_1,0.533234222275918
ER-,PTPLAD2_3,YARS_1,0.531190454051366
ER-,PTPLAD2_3,BUD31_1,0.530051109492118
ER-,RETSAT_3,UQCRC2_1,0.528572056159328
ER-,PTPLAD2_3,EPN1_1,0.528181123692474
ER-,KCNN3_3,ATP5G2_1,-0.526062763627178
ER-,PTPLAD2_3,NOP58_1,0.52599048736409
ER-,NNMT_3,HSPA9_1,-0.524544511274732
ER-,CH25H_3,HNRNPC_1,-0.522294572868277
ER-,PTPLAD2_3,DNASE2_1,0.521877638297176
ER-,KCNN3_3,RNF7_1,-0.518728353882491
ER-,SQRDL_3,ATP5E_1,-0.511819771404117
ER-,CYP7B1_3,SH3GL1_1,0.511699095043338
ER-,PTPLAD2_3,FTH1_1,-0.509937101311475
ER-,RETSAT_3,TAF9_1,0.503929650654769
ER-,CH25H_3,UQCRH_1,-0.502479837929313
ER-,PTPLAD2_3,SNRPB_1,0.502475703104236
ER-,CH25H_3,ARF5_1,-0.49892393814901
ER-,SQRDL_3,UQCR10_1,0.496680332003466
ER-,CH25H_3,HNRNPK_1,0.494955807278649
ER-,KCNN3_3,HSPA9_1,-0.494105814122989
ER-,NNMT_3,DCP2_1,-0.491521361187141
ER-,KCNN3_3,CD63_1,-0.485256984829728
ER-,RDH16_3,COX7A2L_1,-0.483992152331095
ER-,CH25H_3,GAPDH_1,-0.483899671253502
ER-,PTPLAD2_3,COX7A2L_1,0.47951727069123
ER-,PTPLAD2_3,UQCRC1_1,0.478120919769144
ER-,PTPLAD2_3,U2AF1_1,0.474836059887098
ER-,PTPLAD2_3,VAMP8_1,0.474809927283961
ER-,BDH2_3,CIRH1A_1,-0.472821833956737
ER-,PTPLAD2_3,PRDX1_1,0.469343819938025
ER-,CH25H_3,EIF1_1,-0.46846706759655
ER-,NNMT_3,GEMIN8_1,0.466691906605972
ER-,CH25H_3,GGPS1_1,-0.465863586642444
ER-,PTPLAD2_3,P2RX5_1,0.463440780623414
ER-,CH25H_3,APEX1_1,-0.458955640527073
ER-,PTPLAD2_3,ATP5G2_1,0.45816945616652
ER-,PTPLAD2_3,EIF2S3_1,0.455574440864409
ER-,PTPLAD2_3,HSD17B10_1,0.452528980124246
ER-,GTF2A1_3,ARPC3_1,0.448592724273065
ER-,RETSAT_3,COX7A2L_1,0.448146402358598
ER-,PTPLAD2_3,GEMIN7_1,0.447259492391595
ER-,PTPLAD2_3,TOMM7_1,0.445359695512524
ER-,KCNN3_3,UQCRFS1_1,-0.441541796489163
ER-,PTPLAD2_3,EIF3I_1,0.439726153307172
ER-,PTPLAD2_3,PEX13_1,0.438693975455611
ER-,PTPLAD2_3,ATP5L_1,0.437991101255374
ER-,RETSAT_3,HNRNPK_1,0.437259571256547
ER-,SQRDL_3,ATP5L_1,0.435616467051991
ER-,PTPLAD2_3,ELK1_1,0.435460704893458
ER-,CH25H_3,SH3GL1_1,0.434475862592159
ER-,PTPLAD2_3,RNASEH2C_1,0.433944670287552
ER-,PTPLAD2_3,SDHB_1,0.433330661012825
ER-,PTPLAD2_3,RRAGA_1,0.431349823794494
ER-,PTPLAD2_3,COX8A_1,0.431166346599639
ER-,PTPLAD2_3,EIF3C_1,0.430480421752535
ER-,PTPLAD2_3,ARPC5L_1,0.429150399254848
ER-,KCNN3_3,ATP5L_1,-0.428728229552249
ER-,KCNN3_3,TUBA1B_1,-0.428457505832239
ER-,PTPLAD2_3,COX4I1_1,0.427391361231219
ER-,PTPLAD2_3,RNF7_1,0.42683968823989
ER-,PTPLAD2_3,COX5A_1,0.426493547277536
ER-,PTPLAD2_3,STUB1_1,0.426225064123436
ER-,KCNN3_3,UBE2M_1,-0.423034972744301
ER-,PTPLAD2_3,FIS1_1,0.418949732426383
ER-,PTPLAD2_3,TCOF1_1,0.416214952829846
ER-,PTPLAD2_3,EIF6_1,0.413456108710929
ER-,PTPLAD2_3,PQBP1_1,0.410543186494568
ER-,PTPLAD2_3,CAPZB_1,0.409199276594563
ER-,CH25H_3,NOP56_1,-0.407656203755129
ER-,CH25H_3,TRA2A_1,-0.406732449520614
ER-,CH25H_3,BUD31_1,-0.405982397572548
ER-,CH25H_3,GPI_1,-0.405668944549754
ER-,CH25H_3,HSP90B1_1,-0.402977324866012
ER-,RETSAT_3,HNRNPA3_1,-0.391590488845219
ER-,CH25H_3,COX7A2L_1,0.387241753566154
ER-,CH25H_3,UBE2L3_1,-0.386847679904297
ER-,CH25H_3,COX5A_1,-0.386457665865819
ER-,PTPLAD2_3,HIBADH_1,0.386366228352277
ER-,SQRDL_3,AP1S1_1,0.382949787878573
ER-,PTPLAD2_3,MCAT_1,0.381073449944119
ER-,CH25H_3,NARS_1,-0.380016304367051
ER-,CH25H_3,EIF2S3_1,-0.379635835446567
ER-,CH25H_3,DNASE2_1,-0.379324858681824
ER-,RDH16_3,TRA2B_1,0.377846811825979
ER-,CH25H_3,SNRPD1_1,-0.376492360789983
ER-,PTPLAD2_3,TXNL4A_1,0.373955794210944
ER-,RDH16_3,ARPC3_1,-0.373700292350183
ER-,PTPLAD2_3,PDHA1_1,0.372896465076863
ER-,HSD17B6_3,DCP2_1,0.372816715690629
ER-,CH25H_3,YWHAE_1,-0.372760563141912
ER-,PTPLAD2_3,DCP2_1,0.370043854348237
ER-,CH25H_3,ATP5E_1,-0.369762955510652
ER-,CH25H_3,TUBA1B_1,-0.369735838783349
ER-,SQRDL_3,UQCRH_1,-0.369155783944638
ER-,CH25H_3,RAD23A_1,0.366043510260342
ER-,PTPLAD2_3,ARF5_1,-0.36404110718743
ER-,CH25H_3,EIF3I_1,-0.362369829962331
ER-,CH25H_3,SNRPB_1,-0.36217417118224
ER-,ST8SIA1_3,APEX1_1,0.361871680847504
ER-,CH25H_3,TAF10_1,-0.361450345921166
ER-,CH25H_3,SNRPG_1,-0.360025131614548
ER-,CH25H_3,HSD17B10_1,-0.360006176695381
ER-,RETSAT_3,UQCRQ_1,0.356975450033956
ER-,RETSAT_3,PARP2_1,0.356723107609782
ER-,GTF2A1_3,UBE2M_1,0.356209324908939
ER-,CH25H_3,EIF3C_1,-0.356105108605955
ER-,CH25H_3,KARS_1,-0.353237459045951
ER-,CH25H_3,HSPD1_1,-0.352866150255611
ER-,CH25H_3,FUCA2_1,-0.351123709894928
ER-,PTPLAD2_3,SHFM1_1,0.350342675935415
ER-,SQRDL_3,RAD23A_1,-0.349220344018274
ER-,CH25H_3,HIBADH_1,-0.347261364761083
ER-,PGM2_3,PABPN1_1,0.346293876069602
ER-,PTPLAD2_3,SNRNP70_1,0.346292810582802
ER-,CH25H_3,TUBA1C_1,-0.346267722585287
ER-,TAF4B_3,COX7C_1,0.344736824643201
ER-,CH25H_3,YARS_1,-0.344641256203865
ER-,CH25H_3,NAPA_1,-0.344092004722054
ER-,CH25H_3,DKC1_1,-0.342920021620941
ER-,CH25H_3,UQCRC1_1,-0.341141553475306
ER-,PTPLAD2_3,FARSB_1,0.340767355022291
ER-,BDH2_3,FTH1_1,0.340146560874037
ER-,CH25H_3,EHD1_1,-0.338239358888987
ER-,CH25H_3,COX8A_1,-0.337421822818424
ER-,KCNN3_3,RIOK2_1,-0.33682581922881
ER-,CH25H_3,ARHGDIA_1,-0.336799439747611
ER-,PTPLAD2_3,ALDOA_1,0.33665708511038
ER-,RETSAT_3,RNF7_1,0.335327158258901
ER-,CH25H_3,UBA1_1,-0.335313429114872
ER-,GTF2A1_3,ATP5L_1,0.334849448706297
ER-,RETSAT_3,HSPA9_1,0.333886002173339
ER-,CH25H_3,U2AF1_1,-0.332642723755018
ER-,CH25H_3,SHFM1_1,-0.33160517750117
ER-,PTPLAD2_3,GEMIN8_1,0.330730128090819
ER-,RDH16_3,ATP5B_1,-0.329576546152691
ER-,PTPLAD2_3,NOP10_1,0.326865619945567
ER-,RAD23A_3,TRA2B_1,-0.325926324834416
ER-,CH25H_3,GARS_1,-0.32461089911099
ER-,CH25H_3,RNASEH2C_1,-0.32395757179061
ER-,PTPLAD2_3,ARPC3_1,0.323878586298455
ER-,SQRDL_3,ATP5A1_1,0.322248406681557
ER-,PTPLAD2_3,ATP5J2_1,0.320771374001735
ER-,CH25H_3,ATP5J2_1,-0.320470119036271
ER-,CH25H_3,EPN1_1,-0.318540112757396
ER-,PTPLAD2_3,KARS_1,0.315134173030128
ER-,RDH16_3,HNRNPA3_1,-0.314605964603279
ER-,CYP7B1_3,PABPN1_1,0.313509553036063
ER-,CH25H_3,PDHA1_1,-0.312963059088058
ER-,CH25H_3,NOP58_1,-0.312635042869111
ER-,PTPLAD2_3,SNRPA_1,0.310455908623691
ER-,CH25H_3,CWC15_1,-0.310210535336569
ER-,CH25H_3,PQBP1_1,-0.309718534528985
ER-,CH25H_3,FTL_1,0.308632925579018
ER-,CH25H_3,EIF6_1,-0.307749905875232
ER-,PTPLAD2_3,PARP2_1,-0.307602276701825
ER-,CH25H_3,COX4I1_1,-0.306737442127917
ER-,RDH16_3,COX7C_1,-0.305229631158844
ER-,CH25H_3,STUB1_1,-0.304739291814463
ER-,PTPLAD2_3,CDC34_1,0.3037752323913
ER-,CH25H_3,TXNL4A_1,-0.301193766776209
ER-,CH25H_3,CAPZB_1,-0.299239189452544
ER-,RDH16_3,UQCRQ_1,0.298909244848308
ER-,PTPLAD2_3,CWC15_1,0.298761062118211
ER-,CH25H_3,P2RX5_1,-0.297968986260814
ER-,CH25H_3,CDC34_1,-0.296940074706175
ER-,CH25H_3,PRDX1_1,-0.296623551701949
ER-,PTPLAD2_3,UBA1_1,0.296168119485255
ER-,BDH2_3,EIF2S3_1,0.295943156017237
ER-,CH25H_3,ARPC2_1,-0.294102847632063
ER-,CH25H_3,TCOF1_1,-0.293593420523005
ER-,CH25H_3,ARPC5L_1,-0.290183277753104
ER-,CH25H_3,FARSB_1,-0.289348330965628
ER-,CH25H_3,ELK1_1,-0.289230505351016
ER-,CH25H_3,SDHB_1,-0.286396153518145
ER-,CH25H_3,NOP10_1,-0.284551246152787
ER-,PTPLAD2_3,TBL3_1,0.283745257849092
ER-,SQRDL_3,RNF7_1,0.281231722983541
ER-,SQRDL_3,HNRNPK_1,-0.280924976437452
ER-,RDH16_3,ATP5O_1,-0.278538883568734
ER-,NNMT_3,UBE2M_1,0.274579954616439
ER-,PTPLAD2_3,MPV17L2_1,0.272656780461672
ER-,CH25H_3,PEX13_1,-0.27230329878595
ER-,PTPLAD2_3,RBBP4_1,0.27172270543314
ER-,CH25H_3,GEMIN7_1,-0.271142391724088
ER-,SQRDL_3,HNRNPA1_1,0.268160909994934
ER-,RETSAT_3,DCP2_1,0.26712276274062
ER-,TAF4B_3,ATP5L_1,0.263877176391302
ER-,CH25H_3,FIS1_1,-0.263731200189054
ER-,CH25H_3,UBE2D2_1,-0.263547723403582
ER-,CH25H_3,ATP5C1_1,-0.260447438802164
ER-,CH25H_3,RRAGA_1,-0.259310774244444
ER-,PTPLAD2_3,RAD23A_1,0.259116199580949
ER-,RETSAT_3,ATP5L_1,0.250878172592054
ER-,CH25H_3,RNF7_1,0.24679802957708
ER-,PTPLAD2_3,COX7C_1,0.2465503248566
ER-,SQRDL_3,SNRPA_1,0.244246660304759
ER-,CH25H_3,UQCRFS1_1,-0.242605252037163
ER-,NNMT_3,RIOK2_1,0.240830070696787
ER-,CH25H_3,SDHC_1,0.232016298379387
ER-,CH25H_3,EIF3CL_1,-0.224447449853487
ER-,CH25H_3,GEMIN8_1,-0.224371920870222
ER-,CH25H_3,SNRNP70_1,-0.222419662480372
ER-,RDH16_3,ALDOA_1,0.219688160385359
ER-,CH25H_3,FUNDC1_1,-0.215986748316714
ER-,BDH2_3,COX5A_1,0.215203734671435
ER-,RDH16_3,HNRNPK_1,-0.21489780754209
ER-,CH25H_3,HNRNPA3_1,0.214812618606235
ER-,RDH16_3,RAD23A_1,-0.214309681529299
ER-,RDH16_3,ATP5J_1,-0.211015644776189
ER-,FUT5_3,PARP2_1,-0.20894193707382
ER-,SQRDL_3,TAF10_1,-0.205460495175823
ER-,CH25H_3,NPRL2_1,-0.203059946444625
ER-,PTPLAD2_3,HNRNPK_1,0.201344156749909
ER-,RDH16_3,RNF7_1,-0.199505194712659
ER-,ST8SIA1_3,HNRNPC_1,0.196858977778361
ER-,RDH16_3,DCP2_1,-0.195830699870047
ER-,CH25H_3,MPV17L2_1,-0.192067345439134
ER-,CH25H_3,RARS_1,-0.190858072695406
ER-,CH25H_3,ATP5L_1,0.188401204164288
ER-,RDH16_3,HSPA9_1,0.186088169025714
ER-,PTPLAD2_3,UQCRC2_1,0.185055613850604
ER-,CH25H_3,ATP5A1_1,-0.184852619368744
ER-,SQRDL_3,EIF1_1,0.184603826843426
ER-,RDH16_3,TAF9_1,0.17955623250303
ER-,PTPLAD2_3,ATP5B_1,-0.179074143338669
ER-,FUT5_3,HNRNPC_1,-0.178840791689484
ER-,CH25H_3,MCAT_1,-0.178755770385734
ER-,CH25H_3,QARS_1,0.176438791331487
ER-,CH25H_3,VAMP8_1,-0.174318207484832
ER-,CH25H_3,UQCRQ_1,-0.171377162994575
ER-,SQRDL_3,SNRPD3_1,0.171142338818098
ER-,SQRDL_3,HNRNPC_1,0.168711462045804
ER-,FUT5_3,ATP5O_1,-0.166444630590742
ER-,SQRDL_3,TBL3_1,-0.165234621219045
ER-,NNMT_3,ARPC1A_1,0.162332249771648
ER-,CH25H_3,UQCRC2_1,-0.160526590926463
ER-,CH25H_3,SF3B2_1,0.160384681203422
ER-,FUT5_3,HNRNPU_1,-0.16025778685027
ER-,CH25H_3,CD63_1,-0.158848743432301
ER-,CH25H_3,SNRPD3_1,0.15860861037806
ER-,CH25H_3,DDX42_1,0.156413948059568
ER-,CH25H_3,ECH1_1,0.149772286872226
ER-,BDH2_3,HSPD1_1,0.14698881809532
ER-,CH25H_3,ATIC_1,0.145384446606819
ER-,CH25H_3,TOMM7_1,-0.143649227792025
ER-,PGM2_3,ARPC3_1,-0.142454833735024
ER-,CYP7B1_3,COX7C_1,-0.138332526849785
ER-,GTF2A1_3,RIOK2_1,0.135546071298905
ER-,CH25H_3,RBMX_1,0.134894194164488
ER-,SQRDL_3,PABPN1_1,0.133399859627666
ER-,CH25H_3,HSPA9_1,0.130937202401514
ER-,RETSAT_3,ATG3_1,-0.126982022129867
ER-,CH25H_3,PARP2_1,-0.123261133538949
ER-,CH25H_3,HNRNPA1L2_1,-0.121805929838723
ER-,CH25H_3,RBBP4_1,-0.121578155973698
ER-,FUT5_3,ATP5A1_1,-0.120204426666344
ER-,CH25H_3,EIF5B_1,0.11731146221647
ER-,RDH16_3,SNRPD2_1,0.113860492511247
ER-,CH25H_3,WARS_1,-0.112469224573077
ER-,FUT5_3,APEX1_1,-0.110256389328773
ER-,PGM2_3,COX7C_1,-0.10838323636906
ER-,CH25H_3,ATP5B_1,0.108096073987415
ER-,CH25H_3,ATG12_1,0.107722878325975
ER-,CH25H_3,PABPN1_1,-0.103611127594433
ER-,CH25H_3,CNOT3_1,0.103164663787347
ER-,PTPLAD2_3,FUCA2_1,-0.101096258533146
ER-,CH25H_3,HMGB1_1,0.0990110903630536
ER-,RETSAT_3,ATP5J_1,-0.096212649316757
ER-,BDH2_3,SNRPA_1,0.0959763551906224
ER-,CH25H_3,ATP5H_1,-0.0945292442907866
ER-,PTPLAD2_3,SNRPG_1,0.090604801120688
ER-,CH25H_3,EXOSC2_1,0.0902394768159693
ER-,CYP7B1_3,PARP2_1,-0.0880700185585196
ER-,DCTN2_3,ATP5B_1,-0.0796680005017146
ER-,CH25H_3,HNRNPA1_1,-0.0775570835603816
ER-,CH25H_3,DCP2_1,-0.0772308254359099
ER-,CH25H_3,AP1S1_1,0.0769971874701654
ER-,TAF4B_3,ATP5J_1,0.0743327453249905
ER-,CH25H_3,EIF1AX_1,-0.070830353605958
ER-,FUT5_3,TAF10_1,-0.0692692907421657
ER-,KCNN3_3,UBE2D2_1,-0.0663636432222716
ER-,CH25H_3,PIGY_1,0.064701695622636
ER-,CH25H_3,ATP5G2_1,-0.0637371963213474
ER-,CH25H_3,UQCRB_1,0.059493328867881
ER-,CH25H_3,RIOK2_1,0.0559812508427266
ER-,GTF2A1_3,PRPF31_1,0.0531476135221268
ER-,CH25H_3,TAF9_1,0.0527290786350366
ER-,SQRDL_3,ALDOA_1,-0.0486493296518404
ER-,PTPLAD2_3,PABPN1_1,0.0479540409943283
ER-,PTPLAD2_3,TAF9_1,0.0467142973736388
ER-,PTPLAD2_3,GGPS1_1,-0.0441290729479486
ER-,CH25H_3,SNRPA_1,0.0403168708077817
ER-,PGM2_3,UQCRQ_1,-0.0383879415494484
ER-,CH25H_3,SNRPD2_1,-0.0304880406881316
ER-,PTPLAD2_3,SNRPD2_1,-0.0298054247745151
ER-,SQRDL_3,EIF5B_1,-0.0294699396926774
ER-,RDH16_3,UQCRC2_1,-0.0288446977412622
ER-,CH25H_3,SOD1_1,0.0233793679892363
ER-,CH25H_3,ALDOA_1,-0.0210391306987329
ER-,TAF4B_3,UBE2M_1,-0.0152709405613713
ER-,CH25H_3,UQCR10_1,0.0128393084751275
ER-,RDH16_3,SNRPA_1,0.00924459781813941
ER-,RDH16_3,ATP5L_1,0.00737957418886696
ER-,RDH16_3,PARP2_1,-0.00487913621698894
ER-,CH25H_3,PRDX5_1,-0.00360996186825657
ER-,CH25H_3,COX6B1_1,-0.00204145216320397
ER-,CH25H_3,COX5B_1,-0.00158627820928796
