SampleGroup,RNASeq1,RNAseq2,Value
ER+,COX6A1_1,SF3B5_1,-0.557008648202245
ER+,PCBP1_1,SH3GL1_1,-0.553060350800853
ER+,THOC7_1,PABPN1_1,-0.543454092501072
ER+,SSU72_1,CHMP4B_1,-0.433880783775007
ER+,EXOSC2_1,QARS_1,-0.422405097577825
ER+,EMG1_1,FTL_1,-0.422052497765869
ER+,EIF5B_1,ETF1_1,-0.412782072885229
ER+,FTH1_1,GGPS1_1,-0.389014137172597
ER+,ECH1_1,PIGY_1,-0.384464547025135
ER+,SF3B2_1,SH3GL1_1,-0.381606135521139
ER+,ATP5B_1,SNRPD2_1,-0.37815489588234
ER+,TAF9_1,SNRPA_1,-0.377041033077298
ER+,CHMP4B_1,DYNLL1_1,-0.371742672818597
ER+,FTH1_1,CIRH1A_1,-0.369843746330622
ER+,ECH1_1,DDX42_1,-0.367656450942893
ER+,ETF1_1,UBE2M_1,-0.367651423559634
ER+,DDX42_1,SDHC_1,-0.360158262737045
ER+,TAF9_1,COX7C_1,-0.359354830411207
ER+,HNRNPU_1,ATP5A1_1,-0.342223909134535
ER+,KARS_1,FUNDC1_1,-0.332320567873854
ER+,QARS_1,PIGY_1,-0.331261176709705
ER+,ACTR3_1,EHD1_1,-0.32296869292303
ER+,THOC7_1,SNRPD2_1,-0.321048000574137
ER+,ECH1_1,SDHC_1,-0.320143468270837
ER+,EIF3I_1,TXNL4A_1,-0.316307313280876
ER+,TRA2B_1,ATP5J_1,-0.316003028044915
ER+,APEX1_1,TAF10_1,-0.310819008869199
ER+,ACTR3_1,FUNDC1_1,-0.310051145566642
ER+,EIF3I_1,WARS_1,-0.307697447238667
ER+,HNRNPK_1,SNRPA_1,-0.304477283312043
ER+,NAPA_1,CD63_1,-0.30438159220395
ER+,HMGB1_1,ATP5G3_1,-0.302265888856488
ER+,PABPN1_1,VAMP8_1,-0.291404230975538
ER+,UBE2M_1,SH3GL1_1,-0.290880180260191
ER+,HNRNPA1_1,ATP5E_1,-0.287527550234062
ER+,APEX1_1,ATP5A1_1,-0.286283983153745
ER+,RARS_1,SF3B5_1,-0.282177625063291
ER+,SOD1_1,SNRPD3_1,-0.281023709911773
ER+,QARS_1,TBL3_1,-0.274775393086764
ER+,HNRNPA3_1,EIF5B_1,-0.274611018583123
ER+,SNRPA_1,ATG3_1,-0.268491551700788
ER+,RARS_1,SH3GL1_1,-0.267380484843972
ER+,RBBP4_1,PABPN1_1,-0.265563263122904
ER+,EXOSC2_1,PIGY_1,-0.26394550242417
ER+,ECH1_1,HNRNPA1L2_1,-0.257229400762609
ER+,PARP2_1,ALDOA_1,-0.257020803691462
ER+,ATP5C1_1,EMG1_1,-0.253277315272279
ER+,TRA2B_1,ARPC3_1,-0.252342755972617
ER+,SOD1_1,COX5B_1,-0.252334609305531
ER+,EIF5B_1,WIPI2_1,-0.252111402278837
ER+,PGK1_1,DNASE2_1,-0.248927296836969
ER+,HNRNPA1_1,RIOK2_1,-0.246018899724334
ER+,FTH1_1,COX6A1_1,0.244433554887356
ER+,TOMM7_1,VAMP8_1,-0.242599183970625
ER+,ETF1_1,UQCRQ_1,0.240587190715594
ER+,UBA1_1,MCAT_1,-0.237820206080211
ER+,ATP5G3_1,UBA1_1,-0.236904113017945
ER+,DCP2_1,DKC1_1,-0.236520928215706
ER+,RNF7_1,AP1S1_1,-0.23483044920109
ER+,FTH1_1,PRPF31_1,-0.234025673912611
ER+,RBBP4_1,TUBA1B_1,-0.23101438928295
ER+,ATP5E_1,VAMP8_1,-0.230459293544545
ER+,SDHB_1,ELK1_1,-0.23021999252551
ER+,ATP5O_1,PABPN1_1,-0.229907234255925
ER+,TRA2B_1,UBE2M_1,-0.227631797504307
ER+,BUD31_1,TUBA1C_1,-0.224613963173567
ER+,SOD1_1,ATP5H_1,-0.222123741151217
ER+,RNF7_1,SOD1_1,-0.219185541783429
ER+,UQCRH_1,ATG12_1,-0.219072554281065
ER+,RIOK2_1,RBMX_1,-0.219071061106004
ER+,RBBP4_1,ARHGDIA_1,-0.21686607212479
ER+,PQBP1_1,COX8A_1,-0.215579847530894
ER+,ATP5G3_1,RRAGA_1,-0.215020317505995
ER+,FUCA2_1,FARSB_1,-0.214022494643251
ER+,TRA2B_1,UQCRQ_1,-0.212194848254658
ER+,UQCRH_1,CNOT3_1,-0.211785253393165
ER+,ATP5C1_1,SH3GL1_1,-0.210172244001868
ER+,TRA2B_1,ATG3_1,-0.206516338087169
ER+,ARPC2_1,TRA2A_1,-0.206439340575552
ER+,SNRPB_1,EIF3C_1,-0.205660596719279
ER+,HNRNPA1_1,UBE2D2_1,-0.205186365201529
ER+,STUB1_1,NAPA_1,-0.20170802717838
ER+,COX4I1_1,COX7B_1,-0.201253799747039
ER+,ATP5G3_1,DYNLL1_1,-0.201068770456195
ER+,GARS_1,ARHGDIA_1,-0.199355958409644
ER+,EIF1_1,ATG12_1,-0.199258025090115
ER+,EIF1_1,HIBADH_1,-0.197615209703101
ER+,ATP5B_1,UQCRFS1_1,-0.197271952427594
ER+,ECH1_1,GEMIN8_1,-0.196642731808514
ER+,SNRPB_1,PQBP1_1,-0.19627361496839
ER+,SDHB_1,EIF1_1,-0.195996151344343
ER+,ATP5E_1,GEMIN8_1,-0.195176940959427
ER+,ARF5_1,SH3GL1_1,0.195137277875194
ER+,ARPC2_1,ELK1_1,-0.194813200873737
ER+,HIBADH_1,ELK1_1,-0.194330954799809
ER+,UQCRH_1,CIRH1A_1,-0.193563999016154
ER+,KARS_1,EMG1_1,-0.192402649434995
ER+,HNRNPC_1,TAF10_1,-0.192341914402263
ER+,NARS_1,WARS_1,-0.191867065700175
ER+,PABPN1_1,COX7A2L_1,-0.191493763917438
ER+,SNRPD1_1,HNRNPA1L2_1,-0.190758959136437
ER+,HNRNPA1L2_1,SH3GL1_1,-0.189998402921448
ER+,ATP5L_1,UQCR10_1,-0.189700125731971
ER+,FUCA2_1,ELK1_1,-0.189200828593658
ER+,PDHA1_1,SNRPB_1,-0.18919637472742
ER+,SNRPB_1,ATP5J2_1,-0.18784227097825
ER+,UQCRQ_1,PRPF31_1,-0.185574191276392
ER+,SSU72_1,ATP5E_1,0.184514095114247
ER+,PDHA1_1,TUBA1C_1,-0.184291364717181
ER+,STUB1_1,EIF6_1,-0.183674686845361
ER+,ATP5G3_1,SNRNP70_1,-0.181936989088636
ER+,RBBP4_1,SNRPD2_1,-0.181024797391887
ER+,COX6B1_1,ATP5L_1,-0.180098462177696
ER+,HNRNPK_1,ALDOA_1,-0.179192232900242
ER+,PGK1_1,EHD1_1,-0.179090552350844
ER+,ARPC2_1,EIF1_1,-0.178492340343397
ER+,HNRNPA1_1,UQCRB_1,-0.178223410645127
ER+,ATP5E_1,CNOT3_1,-0.177771053602054
ER+,HSP90B1_1,TUBA1B_1,-0.17752141971432
ER+,HNRNPK_1,UQCRB_1,-0.177358732584606
ER+,UQCRQ_1,TBL3_1,-0.177253143535144
ER+,TXNL4A_1,DCP2_1,-0.177120665167151
ER+,HNRNPC_1,HNRNPU_1,-0.175094980467622
ER+,U2AF1_1,ELK1_1,-0.174628201277903
ER+,P2RX5_1,MCAT_1,-0.173622468398191
ER+,DNASE2_1,UBE2L3_1,-0.172734143393891
ER+,COX7B_1,EIF6_1,-0.171805821755944
ER+,GAPDH_1,GPI_1,-0.170229553598289
ER+,UQCRB_1,ARPC3_1,-0.170037932922037
ER+,HMGB1_1,ALDOA_1,-0.169950308092061
ER+,ARPC1A_1,HIBADH_1,-0.167400620409319
ER+,SNRPA_1,UQCRC2_1,-0.167259627462668
ER+,U2AF1_1,TRA2A_1,-0.166720468089891
ER+,TUBA1B_1,UBA1_1,-0.166669081034171
ER+,FTH1_1,SF3B2_1,-0.166471460787574
ER+,COX7B_1,DDX42_1,0.166145112014725
ER+,UQCRQ_1,SH3GL1_1,0.166000390398288
ER+,ALDOA_1,ATG3_1,-0.165841315244938
ER+,TOMM7_1,EIF3C_1,-0.165619098054504
ER+,HNRNPA1_1,CHMP4B_1,-0.164751851632713
ER+,HNRNPA3_1,ALDOA_1,-0.164280249479021
ER+,PRDX5_1,RAD23A_1,-0.163698844373744
ER+,TUBA1C_1,NAPA_1,-0.162811218715001
ER+,EIF1_1,CNOT3_1,-0.162560327240019
ER+,COX8A_1,CWC15_1,-0.162384746234049
ER+,PCBP1_1,CHMP4B_1,-0.16232471679068
ER+,EIF5B_1,ATG3_1,-0.162237469091764
ER+,DNASE2_1,RNASEH2C_1,-0.161567621424068
ER+,STUB1_1,CDC34_1,-0.16152960842575
ER+,SNRPD1_1,SSU72_1,-0.161323599250552
ER+,ATP5E_1,ATG12_1,-0.160770298866758
ER+,NARS_1,TRA2A_1,-0.160726437763428
ER+,ARPC5L_1,TUBA1C_1,-0.160611861212844
ER+,COX7C_1,CHMP4B_1,-0.15940651941753
ER+,ARPC3_1,SF3B5_1,-0.157604432788309
ER+,GGPS1_1,CAPZB_1,-0.157246385742696
ER+,UBE2D2_1,COX7A2L_1,-0.156754594334961
ER+,EIF3CL_1,COX8A_1,-0.155126349437374
ER+,HNRNPC_1,ATP5A1_1,-0.155117652272976
ER+,BUD31_1,UBA1_1,-0.154916357398193
ER+,DCP2_1,MPV17L2_1,-0.154644247548718
ER+,EIF5B_1,ARPC1A_1,-0.154621952263767
ER+,PGK1_1,FUNDC1_1,-0.153327974290784
ER+,UQCRFS1_1,ARF5_1,-0.15279040135259
ER+,HNRNPA1_1,ARF5_1,-0.152011911580579
ER+,COX6B1_1,EIF1AX_1,-0.151765952685706
ER+,COX6B1_1,EIF3CL_1,-0.151324292395415
ER+,EIF2S3_1,GPI_1,-0.150635718726691
ER+,PRDX5_1,EIF3CL_1,-0.150525197138199
ER+,ATP5L_1,ATP5H_1,-0.150470883666751
ER+,YARS_1,CAPZB_1,-0.150412950527883
ER+,ALDOA_1,DCP2_1,-0.150236531552938
ER+,SNRPD1_1,RRAGA_1,-0.149546623110606
ER+,FUCA2_1,TRA2A_1,-0.149161269174462
ER+,EIF5B_1,GEMIN8_1,-0.148709593017027
ER+,PRDX5_1,EIF1AX_1,-0.148594696830715
ER+,COX6A1_1,CWC15_1,-0.148538873993429
ER+,GAPDH_1,SNRPD1_1,-0.148505911001461
ER+,SNRPD2_1,GARS_1,-0.148500350877256
ER+,RBMX_1,ATP5G3_1,-0.147725136940061
ER+,COX7A2L_1,RAD23A_1,-0.147471330712403
ER+,UQCRC2_1,RAD23A_1,-0.146819573793929
ER+,COX8A_1,GEMIN7_1,-0.146476577147347
ER+,DNASE2_1,SNRNP70_1,-0.146457747238115
ER+,YARS_1,PDHA1_1,-0.145938803612259
ER+,FTL_1,UQCRC2_1,-0.145593655481641
ER+,SHFM1_1,FIS1_1,-0.145256433690245
ER+,HSD17B10_1,NOP10_1,-0.145134094196134
ER+,HNRNPK_1,TUBA1B_1,-0.144558222104765
ER+,GAPDH_1,NOP56_1,-0.144384734432665
ER+,TCOF1_1,NOP58_1,-0.144271875977867
ER+,KARS_1,FTH1_1,-0.144092099158091
ER+,GAPDH_1,UQCRC1_1,-0.143879293675716
ER+,UQCRFS1_1,ATP5G2_1,-0.143228668605286
ER+,HNRNPA1_1,TOMM7_1,-0.143001683739839
ER+,NARS_1,UQCRH_1,-0.142771714416524
ER+,YARS_1,COX5A_1,-0.140872567411826
ER+,STUB1_1,GEMIN7_1,-0.140802906947631
ER+,EIF1AX_1,SNRPD3_1,-0.140494788160702
ER+,TXNL4A_1,YARS_1,-0.140452438694524
ER+,COX7C_1,CD63_1,-0.140008006437574
ER+,HSPD1_1,ATP5G3_1,-0.138330150814936
ER+,HSD17B10_1,EHD1_1,-0.137832693239492
ER+,HSP90B1_1,ATP5G3_1,-0.137635112405766
ER+,ARPC3_1,SDHB_1,-0.137582957383952
ER+,UQCRC1_1,YWHAE_1,-0.136633919394261
ER+,DKC1_1,EIF3C_1,-0.136382515467574
ER+,NARS_1,EIF1_1,-0.136237284692256
ER+,EHD1_1,RNASEH2C_1,-0.134462648494989
ER+,HNRNPK_1,TRA2B_1,-0.134338910667994
ER+,PRDX1_1,EIF3C_1,-0.134262581948918
ER+,ARPC5L_1,ACTR3_1,-0.134238485777741
ER+,GEMIN7_1,COX6A1_1,-0.133825919556946
ER+,UQCRFS1_1,COX7A2L_1,-0.133605109034267
ER+,COX7C_1,WIPI2_1,-0.133165245591887
ER+,EMG1_1,PIGY_1,0.132623457329532
ER+,TAF9_1,UQCR10_1,0.131568232557314
ER+,HNRNPC_1,APEX1_1,-0.131377761533355
ER+,GGPS1_1,SH3GL1_1,0.130959441303297
ER+,HSPD1_1,NOP56_1,-0.130349172020743
ER+,EIF1AX_1,ARPC1A_1,-0.129142495798724
ER+,HSP90B1_1,SNRPG_1,-0.128841414673133
ER+,HNRNPA3_1,EIF2S3_1,-0.128498724136974
ER+,PARP2_1,SDHC_1,0.128311749417231
ER+,EIF1AX_1,UQCR10_1,-0.128021258169629
ER+,TRA2B_1,RNF7_1,-0.127605702102066
ER+,TRA2B_1,TBL3_1,0.127496149527223
ER+,SF3B5_1,MCAT_1,-0.127389226097844
ER+,HSPD1_1,DKC1_1,-0.127015966024781
ER+,ARPC5L_1,YARS_1,-0.126841348572371
ER+,NPRL2_1,CWC15_1,-0.126597952975342
ER+,EIF1_1,TBL3_1,-0.126376253110633
ER+,ARPC1A_1,SNRPD3_1,-0.12609786615505
ER+,SHFM1_1,NAPA_1,-0.125920751239353
ER+,TAF9_1,ATP5L_1,-0.125065980916007
ER+,DDX42_1,CHMP4B_1,0.125051699923219
ER+,HNRNPA3_1,CAPZB_1,-0.123960885555442
ER+,HSP90B1_1,DKC1_1,-0.12349086455262
ER+,NPRL2_1,YWHAE_1,-0.123196718879099
ER+,EIF3CL_1,ATP5H_1,-0.122793743302209
ER+,HSP90B1_1,TCOF1_1,-0.121787353697141
ER+,HSD17B10_1,ATP5J2_1,-0.121761575076344
ER+,HSPA9_1,ARHGDIA_1,-0.121723065948225
ER+,NARS_1,ELK1_1,-0.12133009465392
ER+,RBBP4_1,SNRPA_1,-0.121327484640367
ER+,GAPDH_1,PRDX1_1,-0.12091114867966
ER+,TCOF1_1,YWHAE_1,-0.120721437893732
ER+,EIF1AX_1,ATP5H_1,-0.120625146010269
ER+,KARS_1,UQCRQ_1,-0.120544399761157
ER+,COX4I1_1,SHFM1_1,-0.120466278566275
ER+,TXNL4A_1,TUBA1B_1,-0.120421172710036
ER+,PGK1_1,QARS_1,0.120077228928005
ER+,FTH1_1,EIF1_1,-0.118708558202194
ER+,HNRNPK_1,COX5B_1,-0.118429844728608
ER+,SNRPG_1,EIF2S3_1,-0.117808568642062
ER+,UQCRB_1,ELK1_1,-0.117325971183524
ER+,ATP5G3_1,PEX13_1,-0.116902246226054
ER+,ATP5C1_1,EIF2S3_1,-0.116803898482298
ER+,GAPDH_1,PGK1_1,-0.116282993756541
ER+,EIF5B_1,ATP5J_1,-0.116027385121382
ER+,FARSB_1,ATP5G3_1,-0.115253742201369
ER+,COX7C_1,ATP5L_1,-0.115131844331073
ER+,FARSB_1,SNRPG_1,-0.115116002358393
ER+,U2AF1_1,EIF1_1,-0.114780146467231
ER+,NPRL2_1,NAPA_1,-0.114188459173623
ER+,NOP56_1,EIF3CL_1,-0.113564242190735
ER+,COX6A1_1,SH3GL1_1,0.113230853656707
ER+,HSPA9_1,SNRPD2_1,-0.113070863186324
ER+,TAF9_1,ATP5E_1,-0.112931250590009
ER+,ATIC_1,CAPZB_1,-0.11260219595597
ER+,TRA2A_1,EIF3C_1,-0.112274317676819
ER+,EIF3CL_1,ARF5_1,-0.112180638195552
ER+,ARF5_1,EHD1_1,-0.112178243561729
ER+,SNRPD2_1,ATP5L_1,-0.111461570367959
ER+,HSPD1_1,NOP58_1,-0.11144733681177
ER+,GGPS1_1,EIF2S3_1,-0.111443083803959
ER+,NPRL2_1,RNASEH2C_1,-0.11129044382535
ER+,ATP5G3_1,COX5A_1,-0.110784410762449
ER+,TUBA1C_1,UQCR10_1,-0.110308574401725
ER+,UBE2D2_1,UQCRFS1_1,-0.110209100431953
ER+,COX6B1_1,WARS_1,-0.110102836780794
ER+,U2AF1_1,UQCRH_1,-0.11008845422083
ER+,FTH1_1,CNOT3_1,-0.109982832559817
ER+,ALDOA_1,UQCRB_1,-0.109762125621132
ER+,HNRNPC_1,GGPS1_1,-0.109587651633858
ER+,NOP10_1,NAPA_1,-0.109250231480024
ER+,TAF9_1,RIOK2_1,-0.108985048244164
ER+,EIF3CL_1,RARS_1,-0.107830229747298
ER+,BUD31_1,YWHAE_1,-0.107693202197212
ER+,UBE2L3_1,FUNDC1_1,-0.107668042907948
ER+,RBBP4_1,UQCRFS1_1,-0.107642066651613
ER+,MPV17L2_1,NPRL2_1,-0.10758769615644
ER+,TRA2B_1,RIOK2_1,-0.107465979143129
ER+,PABPN1_1,RIOK2_1,-0.106856750290051
ER+,ALDOA_1,EIF1AX_1,-0.105676253951023
ER+,EIF2S3_1,ARF5_1,-0.10562046217651
ER+,NOP56_1,YWHAE_1,-0.104741147644388
ER+,NOP58_1,EIF2S3_1,-0.104664045564271
ER+,HSPD1_1,PRDX1_1,-0.104114794465821
ER+,EIF3CL_1,SNRPD3_1,-0.104075740583083
ER+,QARS_1,ACTR3_1,0.103999304907377
ER+,EIF1AX_1,COX8A_1,-0.103963883533036
ER+,HSPA9_1,HSPD1_1,-0.103876445292353
ER+,PGK1_1,HSPD1_1,-0.103875360712229
ER+,FUNDC1_1,ATP5G2_1,-0.103415836827913
ER+,NOP10_1,CWC15_1,-0.103355348546812
ER+,PRDX5_1,WARS_1,-0.103234225395276
ER+,NOP10_1,P2RX5_1,-0.102634397053279
ER+,GARS_1,UBE2M_1,-0.102481136919407
ER+,HSP90B1_1,SNRPD1_1,-0.102441419390691
ER+,SSU72_1,ATP5G3_1,-0.102439136857956
ER+,EIF3CL_1,UQCR10_1,-0.102331988288688
ER+,COX7C_1,ARF5_1,-0.102003145489221
ER+,TUBA1B_1,DDX42_1,-0.101908780404471
ER+,ARPC5L_1,GPI_1,-0.101789381269803
ER+,HSP90B1_1,NOP58_1,-0.101637591596751
ER+,SNRPD2_1,ATP5G2_1,-0.101459537716174
ER+,SF3B2_1,ELK1_1,-0.101355537886076
ER+,BUD31_1,SNRNP70_1,-0.101287785241956
ER+,TAF9_1,PRDX5_1,0.101229253250329
ER+,EMG1_1,COX5A_1,-0.101195585796927
ER+,SNRPD1_1,PDHA1_1,-0.10077918275189
ER+,GARS_1,TBL3_1,-0.100742858573472
ER+,COX4I1_1,GPI_1,-0.100631354659396
ER+,ATP5B_1,TRA2B_1,-0.100584532200986
ER+,GAPDH_1,HSD17B10_1,-0.100312876709048
ER+,PARP2_1,ATP5E_1,0.0995571364119041
ER+,ATP5J2_1,EPN1_1,-0.099436622450802
ER+,TAF9_1,RAD23A_1,-0.0992558132445906
ER+,PARP2_1,EIF1_1,0.0985268267887718
ER+,DNASE2_1,EHD1_1,-0.0984365017838859
ER+,FARSB_1,NOP10_1,-0.0983586434166173
ER+,UQCRC1_1,ARHGDIA_1,-0.0983565409412532
ER+,HSPA9_1,SNRPA_1,-0.0982688159851125
ER+,SNRPB_1,EIF1AX_1,-0.0980505389690342
ER+,RNASEH2C_1,YWHAE_1,-0.0978873536956567
ER+,EPN1_1,FIS1_1,-0.0973584940370668
ER+,EHD1_1,SNRNP70_1,-0.0970200810562997
ER+,HNRNPC_1,HMGB1_1,-0.0969576951458766
ER+,THOC7_1,ATP5G3_1,0.0968247614995025
ER+,EPN1_1,RNASEH2C_1,-0.0959905867311029
ER+,TAF9_1,ETF1_1,0.0959433231938272
ER+,P2RX5_1,GPI_1,-0.0958214508543481
ER+,TCOF1_1,CAPZB_1,-0.0954829430743945
ER+,ATP5C1_1,UQCRFS1_1,-0.0954218997770303
ER+,GAPDH_1,BUD31_1,-0.0953432446967341
ER+,WARS_1,TBL3_1,-0.0951635968191169
ER+,SF3B5_1,TBL3_1,0.0947434644289982
ER+,COX6B1_1,EIF3C_1,-0.0946567644580802
ER+,HNRNPA3_1,PABPN1_1,0.0946229515690172
ER+,SNRPG_1,EIF6_1,-0.0945537044985251
ER+,SNRPD1_1,CAPZB_1,-0.0944768327562136
ER+,RIOK2_1,QARS_1,-0.0943341249112958
ER+,PRDX5_1,EIF3C_1,-0.0941552669610673
ER+,EIF5B_1,SNRPD2_1,0.0939322940294289
ER+,UQCRC1_1,PEX13_1,-0.0937747999845999
ER+,SNRPG_1,FIS1_1,-0.0937663775901344
ER+,UBE2D2_1,PABPN1_1,-0.0937437581702139
ER+,ECH1_1,PGK1_1,0.0936582546262534
ER+,ATP5J_1,AP1S1_1,-0.0934753550111045
ER+,PGK1_1,MPV17L2_1,-0.0933858538679801
ER+,UQCRB_1,VAMP8_1,-0.0931682264426316
ER+,HSPA9_1,CAPZB_1,-0.0930322924413433
ER+,ARPC5L_1,UQCRC1_1,-0.0927024822049909
ER+,NOP58_1,PDHA1_1,-0.0925802559746355
ER+,FUCA2_1,SH3GL1_1,0.0925334370062782
ER+,EIF5B_1,EIF3CL_1,-0.092482561714866
ER+,GAPDH_1,UQCRH_1,-0.0914337291915556
ER+,HNRNPU_1,TOMM7_1,-0.0911373115832058
ER+,UQCRC1_1,EIF6_1,-0.090734535915124
ER+,COX6A1_1,CDC34_1,-0.0906897987008545
ER+,COX6B1_1,PEX13_1,-0.090278105537945
ER+,FTH1_1,TRA2B_1,0.0902673151094572
ER+,SF3B5_1,EIF3C_1,-0.0899765912093492
ER+,COX4I1_1,NOP10_1,-0.0898266036722991
ER+,ARPC5L_1,WARS_1,-0.0897405083457884
ER+,NOP58_1,FIS1_1,-0.0894124303114156
ER+,SNRPA_1,AP1S1_1,0.0892004322482099
ER+,SHFM1_1,CDC34_1,-0.0889269764593862
ER+,RIOK2_1,EMG1_1,0.088880388753248
ER+,EPN1_1,PEX13_1,-0.0888779611159571
ER+,SHFM1_1,EIF6_1,-0.0887806747875669
ER+,NOP56_1,FIS1_1,-0.0886024131550517
ER+,ARPC3_1,RAD23A_1,-0.0884297343921375
ER+,UQCRC1_1,COX5A_1,-0.0883518056401587
ER+,APEX1_1,FTH1_1,-0.0878867986398905
ER+,BUD31_1,FIS1_1,-0.0876508047889412
ER+,ECH1_1,DYNLL1_1,0.0874650005407513
ER+,YARS_1,UQCR10_1,-0.0873005770376914
ER+,TCOF1_1,CWC15_1,-0.0870675129235695
ER+,EPN1_1,NAPA_1,-0.0865833744128522
ER+,EIF2S3_1,COX5B_1,-0.0865731377333676
ER+,EIF5B_1,COX7B_1,-0.0864596168488681
ER+,FUCA2_1,UQCRH_1,-0.0862948007797458
ER+,ARPC5L_1,NOP56_1,-0.0860570377143373
ER+,HNRNPA3_1,TXNL4A_1,-0.085996624515961
ER+,UQCRC2_1,GARS_1,-0.0859055552444787
ER+,EIF5B_1,ATP5B_1,-0.0858950342743743
ER+,P2RX5_1,EHD1_1,-0.0857550725812888
ER+,RARS_1,TRA2A_1,-0.0857133300871702
ER+,SNRPG_1,SH3GL1_1,0.0855778844288779
ER+,HNRNPC_1,ATP5O_1,-0.0854407466232054
ER+,UQCRC2_1,ARHGDIA_1,-0.08537012821461
ER+,SNRPD2_1,RNF7_1,-0.0852901004029904
ER+,GEMIN7_1,UBE2M_1,-0.0851932148049211
ER+,FIS1_1,COX5B_1,-0.0851744615983907
ER+,UBE2D2_1,ATP5G3_1,-0.0851108652649291
ER+,RBBP4_1,ALDOA_1,0.0846116601745217
ER+,UQCRC2_1,MCAT_1,-0.0844167531417647
ER+,NPRL2_1,CDC34_1,-0.0839377034938605
ER+,ATP5A1_1,FTL_1,-0.0838486648092457
ER+,DKC1_1,AP1S1_1,-0.0836279686261256
ER+,GAPDH_1,UBE2L3_1,-0.0834786548767916
ER+,NOP10_1,EIF6_1,-0.083423223984773
ER+,HNRNPU_1,SDHC_1,0.0833034373457939
ER+,TXNL4A_1,PRDX1_1,-0.0829019016764955
ER+,ATP5J2_1,FIS1_1,-0.0824934760751737
ER+,COX7C_1,SF3B5_1,-0.0824822603924352
ER+,MPV17L2_1,EPN1_1,-0.0824314384460164
ER+,HNRNPC_1,DDX42_1,-0.0824302034424657
ER+,HNRNPC_1,PARP2_1,-0.0823910636629677
ER+,CAPZB_1,PRDX1_1,-0.082388601617726
ER+,PARP2_1,SNRPD2_1,-0.0823823304350601
ER+,FTL_1,UQCRQ_1,-0.0821287817928889
ER+,SHFM1_1,UQCRC2_1,-0.0818971608673637
ER+,COX4I1_1,SNRPG_1,-0.0817944615768127
ER+,UBA1_1,ATP5G2_1,-0.0815219882010017
ER+,EIF6_1,GPI_1,-0.0808409978782919
ER+,P2RX5_1,EPN1_1,-0.0807941534699725
ER+,HNRNPA3_1,P2RX5_1,-0.0807261246613636
ER+,NOP56_1,COX5A_1,-0.0803234378523384
ER+,HSP90B1_1,ATP5H_1,-0.079952880487232
ER+,ECH1_1,ACTR3_1,0.0798561085101898
ER+,PRDX1_1,PEX13_1,-0.0793357202091715
ER+,ARPC5L_1,DKC1_1,-0.079295839690238
ER+,TCOF1_1,COX5A_1,-0.0789901436153767
ER+,PQBP1_1,YWHAE_1,-0.078947379674035
ER+,RIOK2_1,EXOSC2_1,-0.0785632596066775
ER+,APEX1_1,ARPC3_1,0.0785471191440254
ER+,COX4I1_1,ATP5G3_1,-0.0784009299210244
ER+,ARPC3_1,WARS_1,-0.0781142742627029
ER+,NOP56_1,P2RX5_1,-0.0781041480196984
ER+,COX6B1_1,ATP5J2_1,-0.0780635020083144
ER+,DKC1_1,CAPZB_1,-0.0780353412087451
ER+,HNRNPC_1,SH3GL1_1,-0.0779899646856285
ER+,ARPC3_1,HIBADH_1,-0.0778151875802046
ER+,GEMIN7_1,GPI_1,-0.0776140349659481
ER+,ATP5C1_1,HSPD1_1,-0.077545450199422
ER+,FIS1_1,RNASEH2C_1,-0.0774400605833981
ER+,DNASE2_1,TBL3_1,-0.0772953118317533
ER+,TAF9_1,COX6B1_1,0.0772064781392446
ER+,HNRNPK_1,ATP5C1_1,0.0770310464707548
ER+,RRAGA_1,ARHGDIA_1,-0.0761748465236555
ER+,ATP5G2_1,YWHAE_1,-0.0757724763300729
ER+,WIPI2_1,RAD23A_1,-0.0751568020622986
ER+,ATP5B_1,SH3GL1_1,0.0749425265268748
ER+,CAPZB_1,HSD17B10_1,-0.0747439781840379
ER+,ATP5G3_1,CDC34_1,-0.0747094578628511
ER+,TRA2B_1,COX6A1_1,0.0743950053277307
ER+,HSP90B1_1,UBE2L3_1,-0.0742813527606702
ER+,SHFM1_1,AP1S1_1,-0.0736613723059093
ER+,ATP5C1_1,CDC34_1,-0.0735678978686294
ER+,FARSB_1,EXOSC2_1,-0.0727760338531874
ER+,PGK1_1,PDHA1_1,-0.0726060573530011
ER+,COX4I1_1,PQBP1_1,-0.0724762188305333
ER+,HNRNPU_1,WARS_1,-0.0721394594600735
ER+,SNRPD1_1,COX4I1_1,-0.0714424799980639
ER+,SNRPA_1,ATP5J_1,-0.0714392132361396
ER+,PQBP1_1,TBL3_1,-0.0714024111519196
ER+,CIRH1A_1,TOMM7_1,0.0711505686039094
ER+,EIF5B_1,UQCRQ_1,-0.0710706394401327
ER+,PABPN1_1,TRA2B_1,-0.070890428060286
ER+,FTH1_1,CWC15_1,-0.0708140905120701
ER+,ATP5E_1,DYNLL1_1,0.0703257111526558
ER+,EPN1_1,COX5A_1,-0.0701669913590696
ER+,UBE2L3_1,NAPA_1,-0.0697945843711978
ER+,UQCRH_1,RARS_1,-0.06974073342771
ER+,EIF2S3_1,UBE2L3_1,-0.0695459341759941
ER+,NAPA_1,COX5B_1,-0.0694771571549316
ER+,HSPA9_1,TXNL4A_1,-0.0694300237773195
ER+,HSP90B1_1,EIF1_1,-0.0692465059398992
ER+,TAF9_1,ATP5H_1,0.0691710417139672
ER+,SNRPA_1,ATP5G2_1,-0.0689035624536267
ER+,HSPD1_1,EIF2S3_1,-0.0688381218707116
ER+,PRDX5_1,ATP5J2_1,-0.0687954761671355
ER+,FARSB_1,COX5B_1,-0.0682642564917899
ER+,SNRPD1_1,EIF6_1,-0.0682138953367902
ER+,UQCRH_1,PEX13_1,-0.068171750527083
ER+,HNRNPC_1,ARPC2_1,-0.0681405267124613
ER+,ATP5O_1,ALDOA_1,0.0681091521071587
ER+,THOC7_1,MCAT_1,0.0679430782537126
ER+,NPRL2_1,SDHC_1,-0.0678509029394864
ER+,TCOF1_1,AP1S1_1,-0.0676879686727261
ER+,ATP5C1_1,FARSB_1,-0.0676843136538813
ER+,P2RX5_1,ARPC1A_1,-0.0672983742585839
ER+,TAF9_1,SF3B5_1,0.067215185477976
ER+,NOP58_1,CAPZB_1,-0.0669053213556995
ER+,P2RX5_1,ELK1_1,-0.0666189686180726
ER+,EXOSC2_1,ARF5_1,0.0664280208687694
ER+,SNRPD2_1,EIF3C_1,0.0663030049230296
ER+,PQBP1_1,COX5A_1,-0.0662278939859691
ER+,TAF9_1,CHMP4B_1,-0.0661366751899505
ER+,HNRNPC_1,ATP5E_1,-0.0658591743347554
ER+,TCOF1_1,GEMIN7_1,-0.0658258655501143
ER+,NARS_1,ARPC3_1,-0.0657054709295444
ER+,EIF5B_1,PGK1_1,-0.0654374689609733
ER+,PRDX5_1,PQBP1_1,-0.0649046253842582
ER+,HSPA9_1,ARPC5L_1,-0.0648741699482495
ER+,EPN1_1,CDC34_1,-0.0648350406763038
ER+,APEX1_1,SDHC_1,-0.0647932455238209
ER+,COX4I1_1,NOP58_1,-0.0645243984515937
ER+,ATIC_1,ATP5G3_1,-0.0644910237726014
ER+,ATP5G3_1,EIF6_1,-0.0643290745725911
ER+,ATP5J_1,FIS1_1,-0.0643289957042048
ER+,UBE2D2_1,COX6A1_1,-0.0640413843917395
ER+,HSD17B10_1,COX5A_1,-0.0639195886096983
ER+,SNRPG_1,CDC34_1,-0.0636362582226324
ER+,EPN1_1,YWHAE_1,-0.0633450460865001
ER+,TRA2A_1,TOMM7_1,-0.0633305744429349
ER+,FIS1_1,TBL3_1,-0.063174906360829
ER+,COX7C_1,ARHGDIA_1,-0.0629737924773636
ER+,FTH1_1,TRA2A_1,-0.0629318772627012
ER+,ATP5G2_1,EPN1_1,-0.0625230100357161
ER+,ATP5J2_1,YWHAE_1,-0.0624916937224941
ER+,TUBA1B_1,PCBP1_1,-0.0622736054475104
ER+,EIF5B_1,EMG1_1,-0.06220925774873
ER+,HNRNPA1_1,ELK1_1,0.0622065114018689
ER+,EPN1_1,SDHC_1,-0.0621989202465717
ER+,FTL_1,VAMP8_1,-0.0615024778751617
ER+,UQCRC1_1,AP1S1_1,-0.061476229401677
ER+,P2RX5_1,PRDX1_1,-0.0614313713987299
ER+,PQBP1_1,CDC34_1,-0.0611367859616817
ER+,BUD31_1,P2RX5_1,-0.0607405151014099
ER+,COX7B_1,GARS_1,-0.0605597239586205
ER+,CWC15_1,TBL3_1,-0.0605479054697863
ER+,GAPDH_1,GARS_1,-0.0603473814853002
ER+,ATP5J2_1,ATP5H_1,-0.0602774316896887
ER+,TRA2B_1,GEMIN8_1,0.0602003868842086
ER+,MPV17L2_1,ELK1_1,-0.0601229341926655
ER+,NOP56_1,ATIC_1,-0.0597636317592479
ER+,CAPZB_1,ELK1_1,-0.0592683783918026
ER+,ALDOA_1,COX7A2L_1,0.0589941396959756
ER+,PDHA1_1,UBE2L3_1,-0.0587903393239396
ER+,SNRPA_1,COX7A2L_1,-0.0585586814242743
ER+,ATP5C1_1,CAPZB_1,-0.0584872417984337
ER+,PQBP1_1,ARHGDIA_1,-0.0581290487248138
ER+,DKC1_1,UQCR10_1,-0.0580947407614978
ER+,UQCRC1_1,SOD1_1,-0.0578602472490199
ER+,AP1S1_1,GPI_1,-0.0573833404523814
ER+,ATP5J2_1,NAPA_1,-0.0573024101399152
ER+,PABPN1_1,EIF1_1,0.0572605573940733
ER+,ARF5_1,CD63_1,-0.0572583463323894
ER+,TUBA1B_1,ATIC_1,-0.0570604542588709
ER+,TRA2B_1,ATP5G3_1,0.0570392548847675
ER+,PRDX1_1,CDC34_1,-0.057023728745982
ER+,WARS_1,NAPA_1,-0.0569933444107542
ER+,ATP5A1_1,SF3B5_1,0.0569296782656586
ER+,ATP5G2_1,CNOT3_1,0.0562394634262316
ER+,EIF6_1,PRDX1_1,-0.0560635166540543
ER+,SF3B2_1,UQCRQ_1,-0.0558421637698418
ER+,FTH1_1,FUCA2_1,-0.0558213842590407
ER+,ECH1_1,SNRNP70_1,-0.055764326927674
ER+,COX4I1_1,PRDX1_1,-0.0554545178142364
ER+,APEX1_1,UQCRQ_1,0.0552909346579263
ER+,HSPA9_1,EIF6_1,-0.0550106074563397
ER+,SNRPD2_1,YWHAE_1,0.0546807879950672
ER+,SHFM1_1,SOD1_1,-0.0545706278965304
ER+,COX4I1_1,HSPA9_1,-0.0544296111185376
ER+,EIF6_1,TBL3_1,-0.0543703964778437
ER+,TUBA1B_1,AP1S1_1,-0.0542850085879892
ER+,STUB1_1,SNRPD3_1,-0.0540315956744127
ER+,HSD17B10_1,CDC34_1,-0.0539519066551951
ER+,PIGY_1,SH3GL1_1,0.0537902627120292
ER+,HNRNPC_1,PIGY_1,-0.053669307309709
ER+,COX6B1_1,PQBP1_1,-0.0527447590146813
ER+,SOD1_1,COX6A1_1,-0.0526439371861072
ER+,COX4I1_1,HSD17B10_1,-0.0522014152489953
ER+,PARP2_1,ARPC3_1,-0.0521671644878135
ER+,RNF7_1,COX6A1_1,-0.0519596330554311
ER+,HSPD1_1,GARS_1,-0.0519151022323749
ER+,KARS_1,CIRH1A_1,-0.0517550889234764
ER+,EIF1_1,TAF10_1,0.0515396336963406
ER+,PARP2_1,GGPS1_1,0.0514215596221515
ER+,UQCR10_1,GPI_1,-0.0512212001218839
ER+,ATP5C1_1,CIRH1A_1,0.0511319289888862
ER+,ATG12_1,TRA2A_1,-0.0510807432723845
ER+,UBE2D2_1,SNRPA_1,-0.0508496374932798
ER+,SNRPG_1,AP1S1_1,-0.0507731522682744
ER+,GEMIN7_1,RNASEH2C_1,-0.0507318665503006
ER+,HSD17B10_1,GEMIN7_1,-0.0506348415590529
ER+,PGK1_1,CAPZB_1,-0.0506323238718333
ER+,P2RX5_1,UBE2L3_1,-0.0502772992853198
ER+,GAPDH_1,ATP5G2_1,-0.0500571272088263
ER+,RAD23A_1,TAF10_1,-0.0498432881420945
ER+,SNRPA_1,TBL3_1,0.0497352161512201
ER+,EIF2S3_1,COX5A_1,-0.0495142699940199
ER+,PABPN1_1,UQCRC2_1,-0.0492905869450917
ER+,FARSB_1,BUD31_1,-0.0492841272208096
ER+,FARSB_1,RNASEH2C_1,-0.0491834971727131
ER+,CAPZB_1,TBL3_1,-0.0489588229756457
ER+,PQBP1_1,ATP5H_1,-0.0489554423139554
ER+,HNRNPK_1,TXNL4A_1,0.0489418389697137
ER+,PCBP1_1,NOP10_1,-0.048921187816325
ER+,SNRPA_1,EIF3CL_1,0.0487326975532066
ER+,FARSB_1,HSD17B10_1,-0.0485263461115701
ER+,HSPA9_1,UQCR10_1,-0.0483612769162845
ER+,MPV17L2_1,GEMIN8_1,-0.0483442159132254
ER+,ARF5_1,PQBP1_1,-0.0483350339682749
ER+,TXNL4A_1,ELK1_1,-0.0481287743767022
ER+,ATIC_1,EIF3C_1,-0.0480797672129865
ER+,SNRPA_1,SOD1_1,0.0479691196339363
ER+,RNF7_1,UQCRQ_1,-0.0479063698909085
ER+,GEMIN7_1,PRPF31_1,-0.047877528024389
ER+,EPN1_1,CWC15_1,-0.0475434615090025
ER+,HNRNPC_1,RIOK2_1,-0.0475037195458934
ER+,UBE2D2_1,PRDX1_1,-0.0474349937301982
ER+,EIF2S3_1,YWHAE_1,-0.0473578531723216
ER+,ARPC3_1,CNOT3_1,0.0473578485999657
ER+,HSD17B10_1,PEX13_1,-0.0472873903892902
ER+,AP1S1_1,TRA2A_1,-0.0469295680771733
ER+,RNF7_1,VAMP8_1,-0.0468604185523171
ER+,GEMIN7_1,TRA2A_1,-0.0467379139215
ER+,ATP5C1_1,MPV17L2_1,-0.0467242273770071
ER+,PIGY_1,FUNDC1_1,-0.0465838985589446
ER+,EIF3I_1,TRA2B_1,0.0463275129827783
ER+,APEX1_1,HNRNPA1_1,-0.0461714613713146
ER+,ATP5A1_1,ATP5B_1,-0.0461496815222452
ER+,HNRNPA1_1,EIF6_1,0.0457278289582603
ER+,TRA2B_1,SHFM1_1,0.0456607616895775
ER+,UQCRQ_1,SNRPD3_1,-0.0455140345987081
ER+,TRA2B_1,FUNDC1_1,0.0454866847683131
ER+,EIF2S3_1,ATP5G2_1,-0.0453033476940644
ER+,GEMIN7_1,CNOT3_1,-0.0452480132235943
ER+,FARSB_1,ATP5J2_1,-0.0449581892937222
ER+,CHMP4B_1,EIF3C_1,-0.0448588335681146
ER+,ARPC2_1,VAMP8_1,-0.0448242196533813
ER+,QARS_1,FUNDC1_1,-0.0443637005577553
ER+,EIF2S3_1,EIF1AX_1,-0.0442652622489743
ER+,HNRNPA3_1,SNRPD2_1,0.0442397025154848
ER+,UQCRC2_1,NOP56_1,-0.0441900396810246
ER+,BUD31_1,GEMIN7_1,-0.0439947404132688
ER+,COX4I1_1,UBE2L3_1,-0.0437973350599237
ER+,PIGY_1,ATP5H_1,-0.0437541693613327
ER+,TXNL4A_1,EIF3C_1,-0.0434902283859288
ER+,ATP5E_1,RARS_1,-0.0433873283938744
ER+,HNRNPK_1,EIF5B_1,-0.04329088391047
ER+,PRDX5_1,CDC34_1,-0.043159945809524
ER+,CAPZB_1,GARS_1,-0.043062541191729
ER+,GARS_1,COX6A1_1,-0.0429058656024758
ER+,UBE2L3_1,PEX13_1,-0.0428708300740923
ER+,WARS_1,SDHC_1,-0.0428640401061599
ER+,TRA2B_1,ARPC5L_1,0.0427241125304465
ER+,P2RX5_1,ARHGDIA_1,-0.0425828998281841
ER+,ARHGDIA_1,EIF3C_1,-0.0425257891847511
ER+,ALDOA_1,NOP58_1,-0.0424556883358296
ER+,EIF6_1,COX5B_1,-0.0423894979368388
ER+,UQCRFS1_1,UQCRC2_1,-0.0423844420397064
ER+,COX4I1_1,EIF3C_1,-0.0423594070118967
ER+,RARS_1,ELK1_1,-0.0423590180207551
ER+,ATP5J2_1,ARHGDIA_1,-0.0423546641754671
ER+,HNRNPC_1,YARS_1,-0.0423526250434544
ER+,GAPDH_1,TXNL4A_1,-0.0423232401984536
ER+,UQCRFS1_1,PGK1_1,-0.0421910075311909
ER+,UBE2D2_1,NOP56_1,-0.0419279215446361
ER+,ATP5G3_1,UQCRQ_1,-0.041850604997829
ER+,TUBA1B_1,RBMX_1,-0.0418207264537607
ER+,EPN1_1,GEMIN7_1,-0.0417959845683911
ER+,GEMIN8_1,ARHGDIA_1,-0.0417811442514425
ER+,GAPDH_1,SNRPD2_1,0.041657932545555
ER+,SNRPD2_1,EIF1_1,-0.0416067891709016
ER+,BUD31_1,NAPA_1,-0.0415858392630285
ER+,SNRPD2_1,UQCRH_1,-0.0414686933943437
ER+,EIF5B_1,CAPZB_1,0.0414238426188519
ER+,HSPA9_1,SH3GL1_1,0.0414029996640584
ER+,GEMIN7_1,PRDX1_1,-0.0413510421923194
ER+,FARSB_1,UBE2L3_1,-0.0413344313679348
ER+,PRDX5_1,CWC15_1,-0.0412484237374557
ER+,SNRPG_1,SOD1_1,-0.0411392604572918
ER+,ATP5C1_1,FUNDC1_1,-0.0411113092754771
ER+,EIF3CL_1,YWHAE_1,-0.0410378899963053
ER+,APEX1_1,EIF1_1,-0.040937915556023
ER+,ARPC3_1,FIS1_1,-0.0409352735008826
ER+,GAPDH_1,CWC15_1,-0.0409064094287945
ER+,EXOSC2_1,ACTR3_1,0.0407370770688112
ER+,EIF5B_1,UBE2D2_1,0.0406379634457032
ER+,ATP5A1_1,DDX42_1,-0.040601576158602
ER+,BUD31_1,AP1S1_1,-0.0405693443121695
ER+,TXNL4A_1,YWHAE_1,-0.0402148147929391
ER+,SNRPA_1,UQCRB_1,0.0400964292563004
ER+,PARP2_1,EIF5B_1,0.0400572616754375
ER+,TRA2B_1,WIPI2_1,0.0400422072575245
ER+,HNRNPC_1,UQCR10_1,-0.0399135062414499
ER+,COX4I1_1,ATP5J2_1,-0.0397440455349709
ER+,UQCRB_1,EIF1_1,-0.039548943909313
ER+,EIF1AX_1,ARF5_1,-0.0394276406964536
ER+,HSP90B1_1,EIF3CL_1,-0.0391090119680876
ER+,SNRPD1_1,UBE2D2_1,-0.038850463260436
ER+,HSPA9_1,UQCRFS1_1,-0.0386256480134085
ER+,PARP2_1,GARS_1,0.0385554036575942
ER+,EIF3CL_1,CHMP4B_1,-0.0384280484079352
ER+,HSP90B1_1,UQCRC2_1,-0.0382334067562002
ER+,TRA2B_1,CAPZB_1,0.0382147054938515
ER+,GEMIN8_1,YWHAE_1,-0.0378903405657838
ER+,UQCR10_1,PRDX1_1,-0.0377019842947272
ER+,SHFM1_1,TAF10_1,0.0375003210172342
ER+,ATP5C1_1,SOD1_1,-0.0374113124648253
ER+,TRA2B_1,COX5B_1,0.0373971163876632
ER+,COX5A_1,TBL3_1,-0.0373260939851014
ER+,HNRNPC_1,COX7C_1,0.0370605129115061
ER+,UQCRC2_1,COX5B_1,-0.0370167458971868
ER+,HSD17B10_1,EIF6_1,-0.0370063598690433
ER+,ATP5G2_1,PRPF31_1,-0.0369762151214622
ER+,AP1S1_1,ELK1_1,-0.0369250831646459
ER+,HNRNPK_1,CDC34_1,0.0360256459376016
ER+,PABPN1_1,ECH1_1,0.0360121407126803
ER+,COX5B_1,CDC34_1,-0.035766390701027
ER+,TRA2B_1,PRDX1_1,0.0357167273810016
ER+,EIF1_1,NAPA_1,-0.0356201893374688
ER+,KARS_1,SH3GL1_1,0.0355839031555851
ER+,TRA2A_1,CNOT3_1,-0.0352694842971961
ER+,PRDX1_1,TAF10_1,0.0351315889271671
ER+,ATP5C1_1,EIF6_1,-0.0347073276065917
ER+,EIF3CL_1,RAD23A_1,-0.034602435457879
ER+,ECH1_1,COX7A2L_1,-0.0344214742182432
ER+,EHD1_1,CWC15_1,-0.0342600060655508
ER+,HNRNPC_1,ATP5B_1,-0.0342021429701419
ER+,WARS_1,TRA2A_1,-0.0341107808647355
ER+,GARS_1,EIF3C_1,-0.0340624151618507
ER+,TRA2B_1,GEMIN7_1,0.0339375727610863
ER+,TXNL4A_1,DKC1_1,-0.0339112291165698
ER+,TRA2B_1,SOD1_1,0.0336371232429135
ER+,EIF5B_1,P2RX5_1,0.0335659934178165
ER+,GAPDH_1,FIS1_1,-0.0335651101622567
ER+,TCOF1_1,UQCRQ_1,-0.0334835496557569
ER+,EIF1AX_1,SF3B5_1,-0.0334423785069366
ER+,ATP5E_1,ATP5L_1,-0.0333753153347548
ER+,ATP5A1_1,TOMM7_1,0.0331985115155156
ER+,COX5A_1,RNASEH2C_1,-0.0324971129097369
ER+,TXNL4A_1,NAPA_1,-0.0323695477262822
ER+,HSP90B1_1,MPV17L2_1,-0.0323439898640965
ER+,EIF3I_1,RAD23A_1,-0.0323301626234577
ER+,DDX42_1,ATP5G2_1,-0.0321328306072193
ER+,COX4I1_1,UQCRH_1,-0.0321214604571983
ER+,PARP2_1,TRA2B_1,-0.0317186112186256
ER+,UQCRFS1_1,PRDX1_1,-0.0312472412905983
ER+,HSP90B1_1,SNRPA_1,0.0311188189700647
ER+,HNRNPC_1,TUBA1C_1,-0.0311054650633991
ER+,HSPD1_1,PDHA1_1,-0.0307931512463056
ER+,GEMIN7_1,COX5B_1,-0.0306878278326304
ER+,HNRNPC_1,SHFM1_1,-0.0306380979738111
ER+,PABPN1_1,UQCRC1_1,0.0306056702787548
ER+,UQCRFS1_1,UQCRC1_1,-0.0305815510521929
ER+,GAPDH_1,HNRNPK_1,0.030414507279137
ER+,UBE2L3_1,GEMIN7_1,-0.0304129025345741
ER+,FUCA2_1,EIF1_1,-0.0303462284519905
ER+,SNRPD2_1,COX5B_1,0.0302800423453621
ER+,QARS_1,SNRNP70_1,-0.0301550757793274
ER+,SNRPD1_1,PIGY_1,-0.0301191506937493
ER+,RIOK2_1,EHD1_1,0.0301095942701281
ER+,FTH1_1,SNRPA_1,0.0299849649839757
ER+,BUD31_1,EIF6_1,-0.0297971760530282
ER+,GARS_1,PEX13_1,-0.0297635919780547
ER+,UQCRC2_1,ATP5H_1,-0.0297410107983538
ER+,HNRNPA1_1,FARSB_1,0.0297160000532835
ER+,TRA2B_1,MPV17L2_1,0.0296716977076581
ER+,TBL3_1,TAF10_1,0.0296472776002743
ER+,ALDOA_1,EIF1_1,-0.0294186793534127
ER+,UBE2L3_1,CDC34_1,-0.0293654094996582
ER+,ALDOA_1,TRA2B_1,-0.0292395906352661
ER+,SNRPA_1,COX7B_1,-0.029201492891313
ER+,COX5A_1,VAMP8_1,-0.029194408947879
ER+,SDHB_1,VAMP8_1,-0.0291443523680177
ER+,SNRPA_1,NOP56_1,0.0287914213203801
ER+,EIF2S3_1,TAF10_1,0.0286203813834686
ER+,PDHA1_1,PEX13_1,-0.0285759671870001
ER+,APEX1_1,AP1S1_1,-0.028548062937304
ER+,UBE2M_1,CWC15_1,-0.0283990012396872
ER+,FTH1_1,UBE2M_1,0.0282972964625059
ER+,TRA2B_1,ATP5G2_1,-0.0281621543063599
ER+,HNRNPC_1,ATP5H_1,-0.0280110052390091
ER+,MPV17L2_1,NAPA_1,-0.0279182642531976
ER+,UBE2D2_1,CAPZB_1,-0.0279167071124261
ER+,TAF9_1,ARHGDIA_1,-0.0277483975680068
ER+,SNRPD2_1,HSD17B10_1,0.0275103171487997
ER+,HSPD1_1,EIF1AX_1,-0.0274720792442343
ER+,SDHC_1,GPI_1,-0.0272704856792044
ER+,ATP5E_1,HIBADH_1,-0.0268118702792375
ER+,ATP5C1_1,PEX13_1,-0.0267626806701169
ER+,GEMIN7_1,ELK1_1,-0.0267176673736586
ER+,NOP56_1,TAF10_1,0.0266983511997844
ER+,ARPC5L_1,GARS_1,-0.0265069832174015
ER+,PDHA1_1,MPV17L2_1,-0.0264038938330562
ER+,HNRNPC_1,PABPN1_1,0.0263788071366012
ER+,EXOSC2_1,SNRNP70_1,-0.0262167261884365
ER+,FTH1_1,WARS_1,-0.025944353382022
ER+,PDHA1_1,YWHAE_1,-0.0259347559396311
ER+,AP1S1_1,VAMP8_1,0.0258757926067077
ER+,NAPA_1,TAF10_1,0.0258237023576645
ER+,ECH1_1,UBE2L3_1,-0.0257475660720202
ER+,PGK1_1,PEX13_1,-0.0256537432111261
ER+,UBE2D2_1,EIF1_1,-0.025297070335355
ER+,PDHA1_1,CWC15_1,-0.0252701828455926
ER+,HNRNPK_1,MPV17L2_1,0.0251332864139857
ER+,AP1S1_1,TBL3_1,-0.0249957776433893
ER+,TRA2B_1,PDHA1_1,0.0248922013182352
ER+,SNRPD1_1,ATP5O_1,0.0248772076699269
ER+,UQCRFS1_1,SNRPA_1,-0.02452759913362
ER+,TRA2B_1,ARPC1A_1,-0.0244128501831617
ER+,UQCRFS1_1,TCOF1_1,-0.0243684490852782
ER+,SNRPA_1,UQCRQ_1,0.0242754655018625
ER+,ATG12_1,ELK1_1,0.0241896629924711
ER+,TAF9_1,TCOF1_1,0.0241508838215381
ER+,SNRPA_1,TAF10_1,0.0240720390789425
ER+,FTL_1,SH3GL1_1,0.0240026203917279
ER+,DKC1_1,TAF10_1,0.0237414719609427
ER+,UBA1_1,SH3GL1_1,0.0235746928923622
ER+,WARS_1,VAMP8_1,-0.0234569823266724
ER+,FTH1_1,FTL_1,-0.0232354758015529
ER+,TAF9_1,ARF5_1,-0.0231754926665011
ER+,PABPN1_1,ATP5G3_1,-0.0230343348330578
ER+,SNRPA_1,GARS_1,-0.0230138193177413
ER+,HSP90B1_1,ARPC5L_1,-0.0229976480996793
ER+,UBE2D2_1,TRA2B_1,-0.0229383818366465
ER+,PQBP1_1,RAD23A_1,0.0228871908254247
ER+,RNASEH2C_1,CWC15_1,-0.0228228995199314
ER+,TRA2B_1,FARSB_1,0.0227493750211106
ER+,EIF2S3_1,PEX13_1,-0.0227093977519103
ER+,ATP5J2_1,TAF10_1,0.0225346383487315
ER+,SOD1_1,RNASEH2C_1,-0.0222729000631841
ER+,UQCRC2_1,ATP5J2_1,-0.0222601023203453
ER+,UQCR10_1,ELK1_1,-0.0219817603134091
ER+,HSP90B1_1,YWHAE_1,-0.0219742537453791
ER+,HSPD1_1,SOD1_1,-0.0218021317609094
ER+,NARS_1,ATP5E_1,-0.02174192406658
ER+,UQCRFS1_1,DKC1_1,-0.0215445826747799
ER+,FUCA2_1,ATP5E_1,-0.0215330708013318
ER+,TAF9_1,SNRPB_1,0.0214795082305317
ER+,COX7A2L_1,DNASE2_1,-0.0214563750833234
ER+,TXNL4A_1,UQCRH_1,-0.0213998007196258
ER+,EXOSC2_1,FUNDC1_1,-0.02132360908403
ER+,EIF1_1,CWC15_1,-0.0212476390780556
ER+,EIF5B_1,VAMP8_1,0.0212327670856392
ER+,HNRNPC_1,CHMP4B_1,0.0211680597601238
ER+,FTH1_1,RAD23A_1,-0.0211579209755043
ER+,UQCR10_1,FUNDC1_1,-0.0209396438237685
ER+,HSP90B1_1,COX7A2L_1,-0.0207360068279041
ER+,ATP5J2_1,EIF6_1,-0.0207268823851082
ER+,UBE2D2_1,UBE2L3_1,-0.0207050624298165
ER+,FARSB_1,HSPD1_1,-0.0204068765382703
ER+,ATP5E_1,PQBP1_1,-0.0203964149251524
ER+,HSP90B1_1,SNRPD2_1,0.0203626340413108
ER+,FIS1_1,CWC15_1,-0.0203219417179203
ER+,ARPC3_1,ATP5E_1,0.0202120537844842
ER+,MPV17L2_1,YWHAE_1,-0.02015049657184
ER+,QARS_1,DNASE2_1,-0.0199262098175709
ER+,UBE2L3_1,EIF6_1,-0.0197433555152495
ER+,HNRNPA1_1,ETF1_1,-0.0196814851276865
ER+,U2AF1_1,VAMP8_1,-0.0196356681390626
ER+,UQCRH_1,EIF6_1,-0.0194199444715301
ER+,SNRPA_1,ARHGDIA_1,-0.019276354347343
ER+,ELK1_1,CNOT3_1,0.0192161896571787
ER+,ATP5O_1,ATP5G3_1,0.019189695958036
ER+,COX7C_1,ATP5E_1,-0.0191564900084692
ER+,PDHA1_1,P2RX5_1,-0.0191394002413222
ER+,HNRNPC_1,UQCRB_1,-0.0191378729497348
ER+,FARSB_1,GARS_1,-0.0189431929306966
ER+,EIF3CL_1,MPV17L2_1,-0.0187695505030253
ER+,SOD1_1,PEX13_1,-0.0185997435954755
ER+,YWHAE_1,TAF10_1,0.0184517662587017
ER+,ATP5C1_1,AP1S1_1,-0.0184469620120068
ER+,COX4I1_1,COX7C_1,0.0184321190968397
ER+,P2RX5_1,FIS1_1,-0.0183732097574525
ER+,HSP90B1_1,HNRNPA1_1,0.0183212746023302
ER+,BUD31_1,DDX42_1,-0.0182956545524464
ER+,ARPC5L_1,CWC15_1,-0.018279703356413
ER+,PDHA1_1,AP1S1_1,-0.0182550249088478
ER+,MPV17L2_1,EIF6_1,-0.0181818287746489
ER+,HNRNPA1_1,PGK1_1,0.0180039711832749
ER+,COX7C_1,ECH1_1,0.0179170785889238
ER+,UBE2D2_1,PDHA1_1,-0.0176748391339761
ER+,UBE2D2_1,YWHAE_1,-0.0176635889146178
ER+,HSP90B1_1,PEX13_1,-0.0174849605211537
ER+,HMGB1_1,SNRPD2_1,0.0174504612767424
ER+,TUBA1C_1,SDHC_1,-0.0174221105229208
ER+,SNRPD1_1,ALDOA_1,-0.0168443777001059
ER+,COX6B1_1,PABPN1_1,0.0168101901773756
ER+,SNRPA_1,EIF1AX_1,0.0166210788658058
ER+,ARPC3_1,GARS_1,-0.016575335007172
ER+,ALDOA_1,UQCRC1_1,-0.0165252750373884
ER+,ALDOA_1,TCOF1_1,-0.0164719105083069
ER+,FARSB_1,MPV17L2_1,-0.016444196240862
ER+,UQCRC2_1,MPV17L2_1,-0.0164058006807411
ER+,GAPDH_1,SNRPA_1,0.0162938351394284
ER+,ATP5G3_1,SNRPD3_1,-0.0162165610402777
ER+,SNRPA_1,ELK1_1,0.0162016456196813
ER+,AP1S1_1,FIS1_1,-0.0161429141501365
ER+,EIF3I_1,SH3GL1_1,-0.0161018553035516
ER+,HSP90B1_1,EIF1AX_1,-0.0161012813193621
ER+,FIS1_1,RAD23A_1,0.0160533832103668
ER+,SNRPA_1,TUBA1B_1,-0.0160439983872462
ER+,ATP5E_1,SDHB_1,-0.0159086274613835
ER+,RIOK2_1,ARF5_1,-0.0157364749794667
ER+,SNRPA_1,PEX13_1,0.0156378502101966
ER+,ATP5G2_1,CWC15_1,-0.0155789746085227
ER+,HNRNPA1_1,DCP2_1,-0.0155481958236607
ER+,RNF7_1,STUB1_1,-0.0154659522398945
ER+,HNRNPU_1,HNRNPA1_1,-0.0152856943286384
ER+,TRA2B_1,EMG1_1,-0.0152510203805639
ER+,EIF1AX_1,YWHAE_1,-0.0151618135306734
ER+,NAPA_1,YWHAE_1,-0.015109121583812
ER+,PABPN1_1,TXNL4A_1,0.014987982572716
ER+,DNASE2_1,SH3GL1_1,-0.0149811625350155
ER+,EXOSC2_1,DNASE2_1,-0.0149560286488305
ER+,PABPN1_1,HSPD1_1,0.0148611192230366
ER+,FIS1_1,YWHAE_1,-0.0148599673124647
ER+,ATP5A1_1,SDHC_1,-0.0147847903619453
ER+,ARPC5L_1,UQCRC2_1,-0.0147739201416481
ER+,HSP90B1_1,PDHA1_1,-0.0147092794255578
ER+,EIF1_1,EIF6_1,-0.0146692365323023
ER+,ATIC_1,DNASE2_1,0.0144021727191551
ER+,COX7A2L_1,FUNDC1_1,-0.0141227410348444
ER+,EIF1_1,TOMM7_1,-0.0140854285429949
ER+,EIF6_1,RAD23A_1,0.0140493503166392
ER+,ATP5A1_1,UQCRQ_1,0.0139061919131142
ER+,FUNDC1_1,TBL3_1,-0.0138895396030415
ER+,EIF1AX_1,FIS1_1,-0.0137517478400537
ER+,EIF5B_1,ARPC3_1,-0.0135661418399342
ER+,EIF1_1,MPV17L2_1,-0.0134205394945843
ER+,HNRNPA1_1,UQCRH_1,0.0133744601879921
ER+,ARPC5L_1,TAF10_1,0.0131277119312092
ER+,GAPDH_1,PDHA1_1,-0.0131197505657386
ER+,ALDOA_1,NOP56_1,-0.0129718525204306
ER+,COX7B_1,HNRNPA1L2_1,-0.0129210228198192
ER+,TXNL4A_1,ATP5G2_1,-0.0128760087735159
ER+,MPV17L2_1,VAMP8_1,-0.0128250121859389
ER+,APEX1_1,WARS_1,0.0127644501719413
ER+,ATP5C1_1,TRA2B_1,-0.0125404960842591
ER+,QARS_1,RNASEH2C_1,0.0125390249000373
ER+,SNRPD2_1,ATP5J2_1,0.012444620617002
ER+,PABPN1_1,EIF1AX_1,0.0124350643080263
ER+,PRDX5_1,GEMIN7_1,-0.0122615300250352
ER+,EIF3CL_1,ARHGDIA_1,-0.0121253640927172
ER+,RAD23A_1,CDC34_1,0.0121162888466302
ER+,UQCRFS1_1,RNF7_1,-0.0119982040013918
ER+,COX4I1_1,VAMP8_1,-0.0119645564919943
ER+,MPV17L2_1,CDC34_1,-0.0118966786730249
ER+,UBE2L3_1,TAF10_1,0.0118341700802215
ER+,UQCRFS1_1,ETF1_1,-0.0115369541455974
ER+,ATP5G2_1,TAF10_1,-0.011436396731974
ER+,PABPN1_1,CWC15_1,0.0113197726148324
ER+,MPV17L2_1,PEX13_1,-0.0112821130557196
ER+,TXNL4A_1,UQCRC2_1,-0.0112066647840501
ER+,PDHA1_1,SOD1_1,-0.0111876594956436
ER+,UQCRC2_1,EIF1AX_1,-0.0110688527515187
ER+,UQCRFS1_1,ATP5H_1,-0.0110685058843199
ER+,RBMX_1,ATP5G2_1,0.0109050887070461
ER+,UQCRH_1,TAF10_1,0.0108673740684467
ER+,ALDOA_1,UQCRFS1_1,0.0106425625056884
ER+,SH3GL1_1,TBL3_1,0.0106425176127252
ER+,RNASEH2C_1,RAD23A_1,0.0106041419663866
ER+,HNRNPA1L2_1,ATP5G2_1,-0.0105350259290485
ER+,HSP90B1_1,CWC15_1,-0.0104634591669377
ER+,MPV17L2_1,CWC15_1,-0.0102295371775776
ER+,EPN1_1,SNRPD3_1,-0.010191162333205
ER+,P2RX5_1,RAD23A_1,0.0100348292484298
ER+,ATP5A1_1,ALDOA_1,0.00998998165006097
ER+,HSP90B1_1,EIF2S3_1,-0.00996159363753382
ER+,ARPC5L_1,EIF2S3_1,-0.00995172912529547
ER+,ARF5_1,TBL3_1,-0.00985995255855698
ER+,HNRNPA1_1,AP1S1_1,-0.00979414542574186
ER+,COX6B1_1,SH3GL1_1,-0.00963788526997498
ER+,SNRPA_1,RIOK2_1,0.00962833102219136
ER+,HSPD1_1,TAF10_1,0.00960836963239317
ER+,SNRPA_1,ARPC1A_1,-0.00950118697868141
ER+,TRA2B_1,SF3B5_1,0.00944725700785173
ER+,ARPC5L_1,HSPD1_1,-0.00939915986224379
ER+,SNRPA_1,ETF1_1,-0.00938946365909183
ER+,NAPA_1,PEX13_1,-0.00902471142039135
ER+,PAIP1_1,ATP5G3_1,-0.00881096195787331
ER+,HSP90B1_1,RBBP4_1,0.00873826317099231
ER+,PRDX5_1,SH3GL1_1,-0.00860836239476015
ER+,UBE2D2_1,ARPC5L_1,-0.00854989673739047
ER+,HSPD1_1,MPV17L2_1,-0.00839805300038269
ER+,GEMIN7_1,ARHGDIA_1,-0.00836411420177257
ER+,ALDOA_1,P2RX5_1,0.00836345284973538
ER+,PCBP1_1,ATP5G2_1,0.00809979952299169
ER+,ECH1_1,SF3B4_1,-0.0080844821237282
ER+,SNRPA_1,EIF2S3_1,0.00803903073907173
ER+,SNRPB_1,ATP5L_1,-0.00786286453099604
ER+,ATP5A1_1,TBL3_1,-0.00764592517698704
ER+,EIF5B_1,DNASE2_1,-0.00740571172400712
ER+,COX7A2L_1,PEX13_1,-0.00727356820989952
ER+,MPV17L2_1,RAD23A_1,0.00690271958822767
ER+,COX4I1_1,YWHAE_1,-0.00689599248789424
ER+,TXNL4A_1,P2RX5_1,-0.00685693681472511
ER+,ECH1_1,RNASEH2C_1,0.00674136120869047
ER+,UQCRC2_1,EIF2S3_1,-0.00663607452799432
ER+,EIF5B_1,UBE2M_1,0.0066183670411054
ER+,COX7C_1,PRDX1_1,0.00656670624552291
ER+,TXNL4A_1,MPV17L2_1,-0.00653958472399424
ER+,SF3B4_1,SH3GL1_1,-0.00649035510738209
ER+,FARSB_1,EIF2S3_1,-0.0064608370715809
ER+,ALDOA_1,TUBA1B_1,0.00639504919097369
ER+,EIF6_1,VAMP8_1,-0.00620841107549658
ER+,COX4I1_1,SNRPD3_1,0.00578983991744305
ER+,UQCRH_1,TRA2A_1,-0.00578002423113338
ER+,UQCRC2_1,COX5A_1,-0.00571318592998793
ER+,HSP90B1_1,PABPN1_1,0.0056242256939881
ER+,UBE2D2_1,MPV17L2_1,-0.00562005611189727
ER+,FARSB_1,UQCRH_1,-0.00551035062243418
ER+,HSP90B1_1,HNRNPK_1,0.00549964685261594
ER+,YWHAE_1,SH3GL1_1,-0.00539941177483236
ER+,SNRPD3_1,VAMP8_1,0.00529154005376504
ER+,EIF5B_1,EHD1_1,-0.00528241604247139
ER+,HNRNPK_1,DKC1_1,0.00522962015257436
ER+,HNRNPK_1,HSPD1_1,0.00490480526150374
ER+,CWC15_1,TAF10_1,0.00479176195499282
ER+,ATP5A1_1,ARF5_1,0.0047278697527453
ER+,QARS_1,UBE2L3_1,-0.00459452350957881
ER+,UQCRH_1,EIF2S3_1,-0.00451600427935847
ER+,TRA2B_1,ETF1_1,-0.00432261826635647
ER+,TRA2B_1,BUD31_1,0.0043189761890654
ER+,SNRPA_1,ARPC3_1,-0.00430681398686498
ER+,GEMIN7_1,TAF10_1,0.00429854318234549
ER+,TAF9_1,COX5A_1,0.00416988707651858
ER+,ACTR3_1,TBL3_1,-0.00412128475985298
ER+,EIF5B_1,SF3B5_1,-0.00400596172210047
ER+,COX7A2L_1,P2RX5_1,-0.00399612109075191
ER+,SNRPD1_1,SNRPD2_1,0.00397553002547216
ER+,UQCR10_1,EIF3C_1,-0.00375549182938473
ER+,ALDOA_1,PEX13_1,-0.00375340287880746
ER+,FIS1_1,CDC34_1,-0.00371448404789729
ER+,GAPDH_1,UBE2D2_1,-0.00364275456213417
ER+,HSP90B1_1,TRA2B_1,0.00352662108331523
ER+,EIF5B_1,COX7A2L_1,-0.00344489187386152
ER+,RNF7_1,NOP10_1,-0.00343560094072527
ER+,HIBADH_1,VAMP8_1,-0.00335932104435438
ER+,HNRNPK_1,NOP58_1,0.003325558963138
ER+,EIF2S3_1,VAMP8_1,-0.0033000910171994
ER+,ATP5C1_1,UQCR10_1,-0.00325564080464304
ER+,PDHA1_1,CDC34_1,-0.00325497217661704
ER+,HNRNPC_1,ARF5_1,0.00321937433692025
ER+,GEMIN7_1,TBL3_1,-0.0031833389620081
ER+,FTH1_1,RNF7_1,0.00317250298152635
ER+,GPI_1,TAF10_1,0.00290631510892577
ER+,NARS_1,SH3GL1_1,-0.0028974593865882
ER+,SNX5_1,ATP5G3_1,-0.00289053722439693
ER+,SNRPA_1,ARPC5L_1,0.00281612581453063
ER+,APEX1_1,ELK1_1,0.00278650252076412
ER+,COX7A2L_1,EHD1_1,-0.00266411987473752
ER+,ALDOA_1,PGK1_1,-0.00261538965513264
ER+,PARP2_1,ARHGDIA_1,0.00259240825332065
ER+,EIF5B_1,ELK1_1,0.00254331612753353
ER+,ATG3_1,EIF1_1,0.00241394164203573
ER+,EIF4A1_1,ATP5G3_1,-0.00234696467605316
ER+,MPV17L2_1,TAF10_1,0.00230895762239067
ER+,HNRNPK_1,CWC15_1,0.00222910203905162
ER+,ECH1_1,EHD1_1,-0.0022089692918071
ER+,ATP5G2_1,FIS1_1,-0.00219592117259
ER+,TXNL4A_1,TBL3_1,-0.00176712950633188
ER+,EIF2S3_1,AP1S1_1,-0.00126329100992494
ER+,ARPC4_1,ATP5G3_1,-0.00103880626398113
ER+,UQCRFS1_1,YWHAE_1,-0.000960252714663734
ER+,HSPA9_1,PABPN1_1,0.00092619552894935
ER+,SNRPD2_1,CWC15_1,0.000881618275014662
ER+,HNRNPC_1,SNX5_1,-0.000767491157605569
ER+,ARPC3_1,RARS_1,-0.00057361258089112
ER+,PDHA1_1,EIF6_1,-0.000425728662883336
ER+,HNRNPC_1,ARPC5L_1,-0.00038964124067631
ER+,COX7C_1,PQBP1_1,0.000276565775422351
ER+,RAD23A_1,MCAT_1,-0.000231958071873668
ER+,CAPZB_1,CDC34_1,-0.000191841531283831
ER+,PAIP1_1,EIF3C_1,-0.000174935765613942
ER+,ARPC4_1,SH3GL1_1,-0.000145326497479164
ER+,CAPZB_1,P2RX5_1,-0.000141861849374403
ER+,SNRPD2_1,UQCRB_1,0.000128411660253997
ER+,UBE2D2_1,PQBP1_1,-8.09160977028598e-05
ER+,SNRPA_1,WIPI2_1,3.93259356807523e-05
ER-,THOC7_1,PABPN1_1,-0.632310192028332
ER-,PCBP1_1,SH3GL1_1,-0.513118896934227
ER-,CHMP4B_1,DYNLL1_1,-0.499957488108349
ER-,TAF9_1,COX7C_1,-0.476718274981685
ER-,COX6A1_1,SF3B5_1,-0.425535737826369
ER-,TRA2B_1,UQCRQ_1,-0.39768688345124
ER-,SSU72_1,CHMP4B_1,-0.39441293342176
ER-,EIF5B_1,ETF1_1,-0.392908028234707
ER-,ETF1_1,UQCRQ_1,0.3887563488766
ER-,RBBP4_1,PABPN1_1,-0.38702779235764
ER-,RARS_1,SF3B5_1,-0.375317357163616
ER-,FTH1_1,GGPS1_1,-0.374280118250654
ER-,SOD1_1,SNRPD3_1,-0.372755915431037
ER-,RNF7_1,AP1S1_1,-0.358862254854124
ER-,NAPA_1,CD63_1,-0.353218883753511
ER-,SF3B2_1,SH3GL1_1,-0.33743855993921
ER-,HNRNPA3_1,EIF5B_1,-0.337280843176958
ER-,ATP5B_1,SNRPD2_1,-0.331786819382878
ER-,EIF3I_1,TXNL4A_1,-0.319379755050839
ER-,ECH1_1,HNRNPA1L2_1,-0.315643816825206
ER-,KARS_1,FUNDC1_1,-0.311113263317258
ER-,ATP5C1_1,EMG1_1,-0.306110988027538
ER-,ACTR3_1,EHD1_1,-0.302309444557151
ER-,ACTR3_1,FUNDC1_1,-0.301633309652973
ER-,RIOK2_1,RBMX_1,-0.299061567421246
ER-,UBE2M_1,SH3GL1_1,-0.293624017297468
ER-,SSU72_1,ATP5E_1,0.291226311290848
ER-,ETF1_1,UBE2M_1,-0.290651320683306
ER-,HNRNPK_1,UQCRB_1,-0.289117703163163
ER-,TRA2B_1,ATP5J_1,-0.288670626023371
ER-,HNRNPA1_1,UQCRB_1,-0.28725740937668
ER-,RNF7_1,SOD1_1,-0.285311888911385
ER-,ECH1_1,DDX42_1,-0.285294303734077
ER-,FTH1_1,COX6A1_1,0.28096282800265
ER-,HNRNPK_1,ALDOA_1,-0.280565257008657
ER-,SOD1_1,COX5B_1,-0.279664252314598
ER-,QARS_1,TBL3_1,-0.278100732798234
ER-,SNRPA_1,ATG3_1,-0.277451346230571
ER-,PRDX5_1,RAD23A_1,-0.274165956759227
ER-,EXOSC2_1,QARS_1,-0.272599546244839
ER-,EIF3I_1,WARS_1,-0.272350829983094
ER-,ECH1_1,PIGY_1,-0.268879977747087
ER-,ATP5L_1,UQCR10_1,-0.263775748913418
ER-,TAF9_1,SNRPA_1,-0.260617453533789
ER-,ACTR3_1,TBL3_1,0.255906942143025
ER-,DDX42_1,SDHC_1,-0.255220548315457
ER-,TOMM7_1,VAMP8_1,-0.251466809420693
ER-,TRA2B_1,ARPC3_1,-0.251193032926717
ER-,UQCRQ_1,TBL3_1,-0.247335855884404
ER-,ECH1_1,GEMIN8_1,-0.244573280049892
ER-,QARS_1,PIGY_1,-0.242362131847768
ER-,ECH1_1,SDHC_1,-0.241953115431903
ER-,HNRNPA3_1,ALDOA_1,-0.241618420724558
ER-,APEX1_1,TAF10_1,-0.241445119306504
ER-,EMG1_1,FTL_1,-0.239965502595159
ER-,KARS_1,CIRH1A_1,-0.238314287423343
ER-,THOC7_1,SNRPD2_1,-0.236180626578058
ER-,TRA2B_1,UBE2M_1,-0.234160620660026
ER-,PARP2_1,ALDOA_1,-0.231368860347052
ER-,PCBP1_1,CHMP4B_1,-0.230970273729497
ER-,EIF1AX_1,SNRPD3_1,-0.230927235426278
ER-,HMGB1_1,ALDOA_1,-0.230575539441468
ER-,SNRPD1_1,HNRNPA1L2_1,-0.225942997079058
ER-,RARS_1,SH3GL1_1,-0.225913942551274
ER-,FUCA2_1,ELK1_1,-0.222013359074407
ER-,SF3B2_1,ELK1_1,-0.221715391134618
ER-,DCP2_1,DKC1_1,-0.219666441150888
ER-,HMGB1_1,ATP5G3_1,-0.219641134763372
ER-,TUBA1B_1,UBA1_1,-0.219294687927095
ER-,SDHB_1,ELK1_1,-0.21894222576546
ER-,SOD1_1,ATP5H_1,-0.218252871128225
ER-,ATP5G3_1,UBA1_1,-0.216046192890474
ER-,PQBP1_1,COX8A_1,-0.212875002976876
ER-,HNRNPU_1,ATP5A1_1,-0.212810871721016
ER-,EIF1_1,TBL3_1,-0.212613141009677
ER-,FUCA2_1,FARSB_1,-0.209643441319837
ER-,SNRPB_1,ATP5J2_1,-0.20939417681847
ER-,UQCRH_1,ATG12_1,-0.209031427151161
ER-,HNRNPA1_1,ATP5E_1,-0.208957513703014
ER-,RBMX_1,ATP5G3_1,-0.207622542536299
ER-,SF3B5_1,TBL3_1,0.20556972751256
ER-,TOMM7_1,EIF3C_1,-0.20401416816786
ER-,HNRNPC_1,HNRNPU_1,-0.203662471146627
ER-,COX6B1_1,ATP5L_1,-0.202693484260248
ER-,ATP5E_1,GEMIN8_1,-0.202610577284004
ER-,ATP5G3_1,RRAGA_1,-0.201468654061361
ER-,COX7B_1,DDX42_1,0.201456355492766
ER-,HNRNPK_1,COX5B_1,-0.200838907430254
ER-,KARS_1,EMG1_1,-0.200476423480774
ER-,PGK1_1,DNASE2_1,-0.199886246264139
ER-,PRDX5_1,EIF1AX_1,-0.199610462847224
ER-,SNRPD1_1,SSU72_1,-0.199332258869884
ER-,BUD31_1,TUBA1C_1,-0.199244698570071
ER-,UBA1_1,MCAT_1,-0.199136379875841
ER-,HSP90B1_1,TUBA1B_1,-0.19778471253445
ER-,SNRPA_1,UQCRC2_1,-0.197213258485222
ER-,SNRPB_1,PQBP1_1,-0.194367443341018
ER-,HNRNPA1_1,AP1S1_1,-0.192785840932979
ER-,COX8A_1,CWC15_1,-0.192097339579131
ER-,ARF5_1,SH3GL1_1,0.191962043997154
ER-,STUB1_1,NAPA_1,-0.191731098828223
ER-,PABPN1_1,COX7A2L_1,-0.190364445056396
ER-,STUB1_1,EIF6_1,-0.188390985678502
ER-,UQCRH_1,CNOT3_1,-0.18817230144972
ER-,PDHA1_1,SNRPB_1,-0.187643979842273
ER-,TRA2B_1,ETF1_1,-0.18652084790381
ER-,SNRPB_1,EIF3C_1,-0.186492072792997
ER-,RIOK2_1,EMG1_1,0.185962644274956
ER-,COX6B1_1,EIF1AX_1,-0.185106620686701
ER-,U2AF1_1,ELK1_1,-0.184443700299679
ER-,PABPN1_1,VAMP8_1,-0.183331860789389
ER-,ATP5L_1,ATP5H_1,-0.183195924250102
ER-,HIBADH_1,ELK1_1,-0.182496492491442
ER-,COX4I1_1,COX7B_1,-0.181844972862296
ER-,EIF1AX_1,UQCR10_1,-0.181822820817899
ER-,APEX1_1,ATP5A1_1,-0.181631079408236
ER-,ATP5O_1,PABPN1_1,-0.181200093596918
ER-,EXOSC2_1,PIGY_1,-0.179647166183504
ER-,EIF1_1,ATG12_1,-0.179212208406422
ER-,RIOK2_1,QARS_1,-0.177983924204354
ER-,HNRNPK_1,SNRPA_1,-0.177792072936203
ER-,ARF5_1,CD63_1,-0.177688296088959
ER-,EIF5B_1,WIPI2_1,-0.177500553059881
ER-,GAPDH_1,GPI_1,-0.175845536939272
ER-,ATP5E_1,ATG12_1,-0.175444658023329
ER-,UQCRQ_1,SH3GL1_1,0.174623085912097
ER-,PARP2_1,ATP5E_1,0.173662137366252
ER-,ARPC2_1,ELK1_1,-0.171739236026606
ER-,PDHA1_1,TUBA1C_1,-0.169982569064333
ER-,UQCRH_1,CIRH1A_1,-0.169718779255871
ER-,ARPC2_1,TRA2A_1,-0.168486691969499
ER-,ARPC5L_1,ACTR3_1,-0.168010220554083
ER-,TXNL4A_1,DCP2_1,-0.167924896707404
ER-,TRA2B_1,TBL3_1,0.1677440281332
ER-,ATIC_1,ATP5G3_1,-0.167467685338752
ER-,FTH1_1,TRA2B_1,0.16695962349101
ER-,NARS_1,WARS_1,-0.166836453572014
ER-,UQCRQ_1,PRPF31_1,-0.165249502375453
ER-,HSPA9_1,SNRPD2_1,-0.162982663842475
ER-,ATP5G3_1,SNRNP70_1,-0.161481013173111
ER-,EIF2S3_1,ARF5_1,-0.160648960585248
ER-,ATP5E_1,CNOT3_1,-0.160227483072694
ER-,STUB1_1,CDC34_1,-0.159824031494804
ER-,SNRPA_1,COX7B_1,-0.158747543403276
ER-,RIOK2_1,EXOSC2_1,-0.158509562406757
ER-,DCP2_1,MPV17L2_1,-0.158392373114063
ER-,TRA2B_1,ATG3_1,-0.158058230474472
ER-,BUD31_1,UBA1_1,-0.157787001712364
ER-,EIF1_1,CNOT3_1,-0.157645283041015
ER-,UQCRFS1_1,ARF5_1,-0.157301142377905
ER-,EIF5B_1,ARPC1A_1,-0.157255579488823
ER-,DNASE2_1,UBE2L3_1,-0.154441932729975
ER-,FTL_1,UQCRC2_1,-0.154118540267981
ER-,UBE2D2_1,COX6A1_1,-0.153944038457442
ER-,COX7A2L_1,RAD23A_1,-0.153609030742748
ER-,GGPS1_1,CAPZB_1,-0.153411796979047
ER-,FTH1_1,EIF1_1,-0.153346956801732
ER-,COX8A_1,GEMIN7_1,-0.152067335577054
ER-,TAF9_1,UQCR10_1,0.152057326524019
ER-,SHFM1_1,FIS1_1,-0.151634479415652
ER-,HMGB1_1,PABPN1_1,0.151238711280872
ER-,HNRNPC_1,ATP5E_1,-0.150581971201655
ER-,ATP5C1_1,SH3GL1_1,-0.15004008186872
ER-,TCOF1_1,NOP58_1,-0.149474289580684
ER-,NARS_1,UQCRH_1,-0.148658532912172
ER-,HNRNPC_1,GGPS1_1,-0.148482793593197
ER-,HSD17B10_1,NOP10_1,-0.147648114235294
ER-,U2AF1_1,TRA2A_1,-0.147586102150156
ER-,HNRNPK_1,EIF5B_1,-0.146969719805783
ER-,HSPA9_1,SNRPA_1,-0.146870150149966
ER-,HNRNPC_1,TAF10_1,-0.145798344887291
ER-,TAF9_1,ATP5L_1,-0.145790724543381
ER-,EIF1_1,HIBADH_1,-0.145489488464509
ER-,ARPC5L_1,TUBA1C_1,-0.144723352663077
ER-,COX7C_1,ATP5L_1,-0.144197286017266
ER-,HSP90B1_1,SNRPG_1,-0.144028868022395
ER-,COX6A1_1,SH3GL1_1,0.143894541172125
ER-,SNRPD1_1,RRAGA_1,-0.143542268154872
ER-,TRA2B_1,EMG1_1,-0.14209838664439
ER-,ARF5_1,EHD1_1,-0.141482988947626
ER-,ATP5G2_1,PRPF31_1,-0.140924947020584
ER-,TUBA1C_1,NAPA_1,-0.140617076579071
ER-,FUCA2_1,SH3GL1_1,0.140494165565992
ER-,UQCRC1_1,ARHGDIA_1,-0.140382827637666
ER-,DNASE2_1,SNRNP70_1,-0.140191933159689
ER-,EIF2S3_1,GPI_1,-0.139775076205102
ER-,TXNL4A_1,TUBA1B_1,-0.13949966632097
ER-,GAPDH_1,UQCRC1_1,-0.139475470033649
ER-,TUBA1B_1,DDX42_1,-0.139179082381811
ER-,P2RX5_1,MCAT_1,-0.139009575108693
ER-,RBBP4_1,ARHGDIA_1,-0.138586914842583
ER-,STUB1_1,GEMIN7_1,-0.138264728062589
ER-,HNRNPC_1,ARPC2_1,-0.137603314745941
ER-,NARS_1,TRA2A_1,-0.137241580034809
ER-,GAPDH_1,SNRPD1_1,-0.13665198368404
ER-,HNRNPA3_1,PABPN1_1,0.136581066431339
ER-,HNRNPC_1,APEX1_1,-0.13640523589422
ER-,GAPDH_1,PGK1_1,-0.136052914107461
ER-,HNRNPA1_1,CHMP4B_1,-0.134074368109517
ER-,YARS_1,PDHA1_1,-0.133427968254196
ER-,SNRPG_1,EIF2S3_1,-0.133367654741905
ER-,COX6B1_1,EIF3CL_1,-0.133021520151411
ER-,GARS_1,ARHGDIA_1,-0.132615408257796
ER-,RBBP4_1,SNRPD2_1,-0.132354478026355
ER-,HSPD1_1,ATP5G3_1,-0.132300096638661
ER-,DNASE2_1,RNASEH2C_1,-0.132248861100247
ER-,SNRPA_1,WIPI2_1,-0.131924562345549
ER-,YARS_1,COX5A_1,-0.13124744184978
ER-,SDHB_1,EIF1_1,-0.130130543575546
ER-,EIF3CL_1,SNRPD3_1,-0.129776328557514
ER-,HSPD1_1,DKC1_1,-0.129598732728438
ER-,HSPD1_1,NOP58_1,-0.129445790380644
ER-,NARS_1,EIF1_1,-0.129346253281678
ER-,FTL_1,VAMP8_1,-0.129002685340453
ER-,YARS_1,CAPZB_1,-0.12855388303696
ER-,EIF1AX_1,ATP5H_1,-0.127416355367944
ER-,UQCRH_1,TOMM7_1,0.126026211120252
ER-,COX4I1_1,SHFM1_1,-0.126009591747617
ER-,HSD17B10_1,ATP5J2_1,-0.125768365453075
ER-,HNRNPC_1,DDX42_1,-0.125558444580253
ER-,ARF5_1,PQBP1_1,-0.125258814772344
ER-,EIF5B_1,EIF3CL_1,-0.125204314105979
ER-,NARS_1,ELK1_1,-0.124961317729205
ER-,ATP5E_1,TOMM7_1,0.124682065707172
ER-,SDHB_1,VAMP8_1,-0.124648879204475
ER-,GAPDH_1,NOP56_1,-0.12443177036998
ER-,COX7B_1,EIF6_1,-0.124285614348746
ER-,RRAGA_1,ARHGDIA_1,-0.124207898266722
ER-,HSP90B1_1,DKC1_1,-0.124129689538052
ER-,EIF3CL_1,COX8A_1,-0.124062410376613
ER-,PGK1_1,EHD1_1,-0.123708135647533
ER-,NPRL2_1,SDHC_1,-0.123404065209935
ER-,CIRH1A_1,TOMM7_1,-0.123163532379423
ER-,PRDX5_1,EIF3CL_1,-0.122668716970078
ER-,ATP5G3_1,DYNLL1_1,-0.122600096591011
ER-,FUCA2_1,TRA2A_1,-0.122438297933959
ER-,ATP5G3_1,COX5A_1,-0.122346099662113
ER-,EIF5B_1,ATG3_1,-0.121645403810554
ER-,TCOF1_1,YWHAE_1,-0.121417366248109
ER-,PGK1_1,HSPD1_1,-0.121366040902961
ER-,HSP90B1_1,ATP5G3_1,-0.121363459132935
ER-,ECH1_1,ACTR3_1,0.121073774365144
ER-,TUBA1B_1,RBMX_1,-0.120889172715837
ER-,ARPC2_1,EIF1_1,-0.119887320929716
ER-,TAF9_1,COX6B1_1,0.119691336028069
ER-,SNRPA_1,ARPC1A_1,-0.11947235384077
ER-,EIF3CL_1,ARF5_1,-0.119285402530046
ER-,ALDOA_1,EIF1AX_1,-0.118567717338269
ER-,UQCRC1_1,YWHAE_1,-0.118302769823337
ER-,TRA2B_1,ARPC1A_1,-0.118082135501732
ER-,NPRL2_1,CWC15_1,-0.118019816697679
ER-,ARPC5L_1,YARS_1,-0.117405867761443
ER-,RBBP4_1,TUBA1B_1,-0.117377108481841
ER-,ATP5G3_1,PEX13_1,-0.117325352903327
ER-,TXNL4A_1,YARS_1,-0.116712554621572
ER-,HSD17B10_1,EHD1_1,-0.116667796519653
ER-,FTH1_1,FUCA2_1,-0.116557777822745
ER-,ARPC3_1,GARS_1,-0.115939328498737
ER-,GAPDH_1,HSD17B10_1,-0.114836833029273
ER-,GGPS1_1,EIF2S3_1,-0.11462255323322
ER-,UQCRFS1_1,PGK1_1,-0.114188991152378
ER-,DKC1_1,EIF3C_1,-0.114180350896241
ER-,ATP5C1_1,EIF2S3_1,-0.113778315551454
ER-,TRA2B_1,RIOK2_1,-0.113760712891547
ER-,SHFM1_1,NAPA_1,-0.113649101069713
ER-,KARS_1,FTH1_1,-0.113414831636802
ER-,FTH1_1,CIRH1A_1,-0.113354280978778
ER-,EHD1_1,RNASEH2C_1,-0.112931284891519
ER-,HNRNPC_1,SH3GL1_1,-0.112909435770322
ER-,EMG1_1,PIGY_1,0.112829462145104
ER-,FTH1_1,SNRPA_1,0.112428801165586
ER-,TAF9_1,RIOK2_1,-0.112123678127631
ER-,FARSB_1,SNRPG_1,-0.112047660685389
ER-,PRDX1_1,EIF3C_1,-0.111658371643255
ER-,NOP10_1,CWC15_1,-0.111297854848353
ER-,BUD31_1,SNRNP70_1,-0.111243499797812
ER-,RARS_1,TRA2A_1,-0.110980378927504
ER-,UQCRH_1,TRA2A_1,-0.109790188391577
ER-,COX4I1_1,GPI_1,-0.109773933597533
ER-,ATP5C1_1,UQCRFS1_1,-0.109713960663801
ER-,HSPD1_1,NOP56_1,-0.109109443843794
ER-,NOP56_1,YWHAE_1,-0.108416003831722
ER-,ECH1_1,DYNLL1_1,0.108277538366929
ER-,COX6A1_1,CWC15_1,-0.107723882238402
ER-,UQCRC2_1,RAD23A_1,-0.107573970352416
ER-,NOP58_1,EIF2S3_1,-0.107368355314382
ER-,U2AF1_1,VAMP8_1,-0.107142904564241
ER-,TAF9_1,ATP5H_1,0.107112247851249
ER-,PGK1_1,FUNDC1_1,-0.106808524751144
ER-,SNRPG_1,FIS1_1,-0.106673941448903
ER-,SHFM1_1,UQCRC2_1,-0.106486154576033
ER-,GARS_1,TBL3_1,-0.106399157055603
ER-,SF3B5_1,MCAT_1,-0.105899708693233
ER-,HSP90B1_1,TCOF1_1,-0.105790712529312
ER-,ATP5J2_1,EPN1_1,-0.105778746506407
ER-,GAPDH_1,PRDX1_1,-0.104706558706669
ER-,GGPS1_1,SH3GL1_1,0.104506068721645
ER-,DNASE2_1,EHD1_1,-0.104468644067095
ER-,P2RX5_1,ARPC1A_1,-0.104250530904713
ER-,HNRNPC_1,ATP5A1_1,-0.104005954463774
ER-,ARPC5L_1,GPI_1,-0.103998501767474
ER-,TAF9_1,PRDX5_1,0.103555464537392
ER-,ATP5J_1,FIS1_1,-0.103378827874459
ER-,SNRPD1_1,UBE2D2_1,-0.103274117832075
ER-,ATP5B_1,UQCRFS1_1,-0.103113309972777
ER-,SHFM1_1,CDC34_1,-0.102580081732137
ER-,COX4I1_1,NOP10_1,-0.102328105678187
ER-,FTH1_1,TRA2A_1,-0.102270908549229
ER-,GEMIN8_1,ARHGDIA_1,-0.102091274257651
ER-,SHFM1_1,EIF6_1,-0.102069218710949
ER-,TCOF1_1,CWC15_1,-0.101448350747778
ER-,EIF3CL_1,UQCR10_1,-0.101432724547767
ER-,EMG1_1,COX5A_1,-0.101385408466497
ER-,GAPDH_1,BUD31_1,-0.101253202426553
ER-,FARSB_1,NOP10_1,-0.101225426428495
ER-,EIF5B_1,EMG1_1,-0.101170573963327
ER-,HNRNPA1_1,RIOK2_1,-0.100624984025865
ER-,UBE2L3_1,FUNDC1_1,-0.100326954214438
ER-,NPRL2_1,YWHAE_1,-0.100023778416762
ER-,EPN1_1,RNASEH2C_1,-0.0996375854751967
ER-,NOP10_1,P2RX5_1,-0.0992444453299871
ER-,SNRPG_1,EIF6_1,-0.0991677104612303
ER-,P2RX5_1,GPI_1,-0.0991575047054782
ER-,HSP90B1_1,NOP58_1,-0.0991493055477245
ER-,HIBADH_1,VAMP8_1,-0.0991475173508986
ER-,EIF3CL_1,ATP5H_1,-0.0989028061236855
ER-,GEMIN7_1,UBE2M_1,-0.0984998545887088
ER-,U2AF1_1,EIF1_1,-0.0976899656525369
ER-,HSP90B1_1,SNRPD1_1,-0.0974433745720016
ER-,NOP10_1,NAPA_1,-0.0971830134950596
ER-,EHD1_1,SNRNP70_1,-0.0970623103434302
ER-,UBE2D2_1,NOP56_1,-0.0967984588599033
ER-,HNRNPK_1,ATP5C1_1,0.0964840194076003
ER-,ATP5C1_1,HSPD1_1,-0.0964192175710815
ER-,HSPD1_1,PRDX1_1,-0.0962062505631984
ER-,HNRNPC_1,HMGB1_1,-0.0961900080689212
ER-,SNRPA_1,RIOK2_1,0.0961226707178454
ER-,BUD31_1,YWHAE_1,-0.0960174726967654
ER-,PARP2_1,TRA2B_1,-0.0954911689211591
ER-,ARPC5L_1,WARS_1,-0.0949264779114598
ER-,NPRL2_1,RNASEH2C_1,-0.0948472119156571
ER-,WARS_1,SDHC_1,-0.094618331552406
ER-,EIF3CL_1,RARS_1,-0.0946092294073888
ER-,FARSB_1,ATP5G3_1,-0.0945289510113185
ER-,MPV17L2_1,NPRL2_1,-0.0942128351891258
ER-,COX6A1_1,CDC34_1,-0.093868585425126
ER-,FARSB_1,EXOSC2_1,-0.0937153191853386
ER-,HNRNPA1_1,UQCRH_1,-0.0936584993396762
ER-,THOC7_1,ATP5G3_1,0.093385920607535
ER-,HNRNPA3_1,CAPZB_1,-0.0933751630129928
ER-,SF3B5_1,EIF3C_1,-0.0932190559232396
ER-,ATP5E_1,TRA2A_1,-0.0926590264529084
ER-,COX4I1_1,ATP5G3_1,-0.092123090096275
ER-,UBE2D2_1,ATP5G3_1,-0.0914055754277864
ER-,PQBP1_1,ARHGDIA_1,-0.0912326496812513
ER-,ARPC2_1,VAMP8_1,-0.0912107807340733
ER-,FTH1_1,PRPF31_1,-0.09117768169192
ER-,HNRNPC_1,PARP2_1,-0.0911267999474644
ER-,EPN1_1,FIS1_1,-0.0910071014620679
ER-,TRA2A_1,TOMM7_1,-0.0908862945980748
ER-,SNRPD2_1,UQCRH_1,-0.0908512472338866
ER-,TCOF1_1,COX5A_1,-0.0907608868514651
ER-,GEMIN7_1,COX6A1_1,-0.0906746993498866
ER-,RBBP4_1,SNRPA_1,-0.0906363550929047
ER-,SNRPD2_1,RNF7_1,-0.0905292985699185
ER-,ATIC_1,CAPZB_1,-0.0902152390274603
ER-,NOP58_1,PDHA1_1,-0.0900520007675948
ER-,EIF3CL_1,RAD23A_1,-0.0898973931209534
ER-,VAMP8_1,SF3B5_1,-0.0892840432378946
ER-,ATP5J2_1,ARHGDIA_1,-0.0891741224391626
ER-,NOP58_1,FIS1_1,-0.0891479206898573
ER-,EIF6_1,GPI_1,-0.0891381069681998
ER-,GEMIN7_1,PRPF31_1,-0.0889420528026948
ER-,PABPN1_1,ATP5G3_1,-0.0880426211042397
ER-,SNRPA_1,COX7A2L_1,-0.0879157016350007
ER-,UQCRFS1_1,DKC1_1,-0.0878613632031303
ER-,ARPC3_1,HIBADH_1,-0.087700189666197
ER-,ARPC5L_1,UQCRC1_1,-0.0876794132337123
ER-,UQCRFS1_1,TCOF1_1,-0.0872655131094021
ER-,ATP5B_1,SH3GL1_1,0.0867805922866887
ER-,UBE2D2_1,PRDX1_1,-0.0867239908777744
ER-,HNRNPA1L2_1,SH3GL1_1,-0.0866396443255901
ER-,BUD31_1,FIS1_1,-0.0865765584452498
ER-,ATP5E_1,VAMP8_1,-0.0862793102857759
ER-,SNRPD2_1,GARS_1,-0.086240593151617
ER-,COX4I1_1,SNRPG_1,-0.0862185781252423
ER-,UQCRFS1_1,UQCRC1_1,-0.0860371604710369
ER-,GAPDH_1,UQCRH_1,-0.0859915926260164
ER-,HSPA9_1,ARHGDIA_1,-0.0858986526386447
ER-,RARS_1,ELK1_1,-0.0853356376850172
ER-,ALDOA_1,UQCRB_1,-0.0850864612001178
ER-,UQCRC1_1,COX5A_1,-0.0850782310549923
ER-,ARPC5L_1,DKC1_1,-0.0846333710832305
ER-,TUBA1B_1,ATIC_1,-0.0840830374388158
ER-,GEMIN7_1,CNOT3_1,-0.0840712458622966
ER-,APEX1_1,SDHC_1,-0.0837425673952086
ER-,SNRPD1_1,PDHA1_1,-0.0836577119683346
ER-,TCOF1_1,CAPZB_1,-0.0832694242512101
ER-,GARS_1,UBE2M_1,-0.0828837989086331
ER-,NPRL2_1,CDC34_1,-0.0828379964973457
ER-,P2RX5_1,EPN1_1,-0.0826754920595865
ER-,DDX42_1,CHMP4B_1,0.0824382994967642
ER-,ALDOA_1,DCP2_1,-0.0822270818194581
ER-,NPRL2_1,NAPA_1,-0.0821125519556475
ER-,TRA2A_1,EIF3C_1,-0.0814623361896177
ER-,HSPA9_1,CAPZB_1,-0.0814460548333424
ER-,NOP56_1,FIS1_1,-0.0812857036555516
ER-,APEX1_1,HNRNPA1_1,-0.0811281746768144
ER-,UQCRB_1,VAMP8_1,-0.0809918123270149
ER-,UQCRC1_1,PEX13_1,-0.0809719451986744
ER-,HSPA9_1,HSPD1_1,-0.0809171546416673
ER-,PGK1_1,PDHA1_1,-0.0808874511693417
ER-,HNRNPA1L2_1,ATP5G2_1,-0.0806864629041445
ER-,TRA2B_1,ATP5G3_1,0.0806770974124579
ER-,GEMIN7_1,GPI_1,-0.0806349986951996
ER-,PGK1_1,MPV17L2_1,-0.0805765547334171
ER-,TAF9_1,ETF1_1,0.0805538507114738
ER-,TUBA1B_1,PCBP1_1,-0.0805363432448261
ER-,YARS_1,UQCR10_1,-0.0803636958441974
ER-,HMGB1_1,SNRPD2_1,0.0803415802486385
ER-,EIF5B_1,COX7B_1,-0.080092489985368
ER-,ATP5A1_1,ATP5B_1,-0.0798242715259582
ER-,P2RX5_1,ARHGDIA_1,-0.079774850517736
ER-,EPN1_1,NAPA_1,-0.0797510828049124
ER-,P2RX5_1,EHD1_1,-0.0797437654957316
ER-,APEX1_1,EIF1_1,-0.0796202947532716
ER-,SNRPA_1,AP1S1_1,0.0791875107471524
ER-,ATP5J2_1,FIS1_1,-0.0791413084101006
ER-,SNRPD1_1,CAPZB_1,-0.0788866781125031
ER-,EIF5B_1,ARPC3_1,0.0781128630551122
ER-,NOP56_1,EIF3CL_1,-0.0781088119848972
ER-,COX6B1_1,WARS_1,-0.0780755001398806
ER-,ARPC1A_1,HIBADH_1,-0.0780532708989785
ER-,NARS_1,ARPC3_1,-0.0777935514088733
ER-,HNRNPA3_1,EIF2S3_1,-0.0774206470301811
ER-,QARS_1,FUNDC1_1,-0.0774192055706956
ER-,GARS_1,COX6A1_1,-0.0773300950769302
ER-,UQCRC1_1,EIF6_1,-0.0773081853336871
ER-,HNRNPA1_1,TOMM7_1,-0.076986189732354
ER-,COX7C_1,SF3B5_1,-0.076688632095297
ER-,UQCRFS1_1,ATP5G2_1,-0.0765009676222103
ER-,SNRPG_1,SH3GL1_1,0.0763466110592305
ER-,DKC1_1,CAPZB_1,-0.076338695376083
ER-,ATP5A1_1,TBL3_1,-0.075814988907087
ER-,UBA1_1,ATP5G2_1,-0.0757835973908617
ER-,UBE2D2_1,RNASEH2C_1,-0.0757411291195366
ER-,CAPZB_1,PRDX1_1,-0.0757234081177502
ER-,GAPDH_1,UBE2L3_1,-0.0756906220081479
ER-,EIF5B_1,SNRPD2_1,0.0754778545998985
ER-,SNRPG_1,CDC34_1,-0.075384222931624
ER-,P2RX5_1,ELK1_1,-0.0746571782727499
ER-,NOP56_1,P2RX5_1,-0.0746067109332453
ER-,ATP5C1_1,CDC34_1,-0.0745925275545667
ER-,ATP5J2_1,YWHAE_1,-0.074487644027157
ER-,HNRNPC_1,ATP5O_1,-0.0743643463762837
ER-,APEX1_1,FTH1_1,-0.0743171399381745
ER-,ATG3_1,EIF1_1,-0.0742856858066529
ER-,FIS1_1,RNASEH2C_1,-0.0742551301651363
ER-,EPN1_1,PEX13_1,-0.0742133666322843
ER-,HNRNPA1_1,EIF1AX_1,-0.0738556176294269
ER-,PARP2_1,EIF1_1,0.0736540087773597
ER-,ATP5A1_1,FTL_1,-0.0734149803348832
ER-,ARPC5L_1,NOP56_1,-0.0733093266877815
ER-,HSPA9_1,ARPC5L_1,-0.073164875645219
ER-,EPN1_1,COX5A_1,-0.0725565763052356
ER-,EIF1AX_1,ARPC1A_1,-0.0724173138496378
ER-,TXNL4A_1,PRDX1_1,-0.072362446607724
ER-,EIF3I_1,TRA2B_1,0.0722948751609647
ER-,ARPC3_1,SDHB_1,-0.0722232058618016
ER-,CAPZB_1,ELK1_1,-0.0721969456663609
ER-,PRDX1_1,PEX13_1,-0.072031083943664
ER-,FARSB_1,COX5B_1,-0.0719889702687515
ER-,ATP5E_1,HIBADH_1,-0.0718766507590543
ER-,SNRPA_1,TUBA1B_1,-0.0717079655355074
ER-,RNASEH2C_1,YWHAE_1,-0.0716909856122534
ER-,NOP56_1,COX5A_1,-0.0716449536765752
ER-,CAPZB_1,HSD17B10_1,-0.0714681553072887
ER-,COX7C_1,CHMP4B_1,-0.0712764397854573
ER-,EPN1_1,YWHAE_1,-0.0712592016600355
ER-,COX6B1_1,PEX13_1,-0.0711842819743508
ER-,COX7C_1,WIPI2_1,-0.0709769087728414
ER-,UQCRC2_1,GARS_1,-0.070912891892616
ER-,HNRNPC_1,RIOK2_1,-0.0706493144829174
ER-,GAPDH_1,GARS_1,-0.0705618613265594
ER-,HNRNPU_1,TOMM7_1,-0.0705372739475219
ER-,HNRNPA1_1,DCP2_1,-0.0705059741011933
ER-,RIOK2_1,SH3GL1_1,0.0704519074133539
ER-,P2RX5_1,PRDX1_1,-0.0703884688298482
ER-,NOP56_1,ATIC_1,-0.0701845082707404
ER-,UBE2D2_1,UBE2L3_1,-0.070062699010288
ER-,COX4I1_1,NOP58_1,-0.0699027975314239
ER-,SNRPB_1,EIF1AX_1,-0.0698938076942098
ER-,NOP10_1,EIF6_1,-0.0696818445913218
ER-,U2AF1_1,UQCRH_1,-0.0690028451807297
ER-,UQCRB_1,ELK1_1,-0.0687544985172979
ER-,HNRNPC_1,TUBA1C_1,-0.0685822758191698
ER-,EIF2S3_1,UBE2L3_1,-0.068334598364185
ER-,UBE2L3_1,NAPA_1,-0.0682215874598083
ER-,HSD17B10_1,COX5A_1,-0.0680610560859298
ER-,HNRNPA3_1,TXNL4A_1,-0.0679261153402628
ER-,RBBP4_1,UQCRFS1_1,-0.0678244244680314
ER-,CHMP4B_1,EIF3C_1,-0.0677990575165814
ER-,TRA2B_1,FUNDC1_1,0.067634552880442
ER-,HNRNPC_1,YARS_1,-0.0674931668302026
ER-,ATP5G3_1,CDC34_1,-0.067342629095135
ER-,EXOSC2_1,FUNDC1_1,-0.0671242847990594
ER-,HNRNPA1_1,ETF1_1,-0.0670305840702122
ER-,RBMX_1,ATP5G2_1,-0.066998735520561
ER-,EIF1AX_1,COX8A_1,-0.0669071351789941
ER-,ATP5E_1,DYNLL1_1,0.0668799205823609
ER-,HNRNPA3_1,P2RX5_1,-0.0667753646933452
ER-,TXNL4A_1,ELK1_1,-0.0666795109271889
ER-,HSD17B10_1,PEX13_1,-0.0665565225754092
ER-,MPV17L2_1,ELK1_1,-0.0664563935091845
ER-,PARP2_1,SNRPD2_1,-0.0664332276689876
ER-,MPV17L2_1,EPN1_1,-0.0660612311005753
ER-,SNRPD2_1,EIF1_1,-0.065994964246975
ER-,ATP5C1_1,FARSB_1,-0.0658398222560561
ER-,PIGY_1,FUNDC1_1,-0.0652265702835416
ER-,HSP90B1_1,ATP5H_1,-0.0651404667557889
ER-,NOP58_1,CAPZB_1,-0.0650999756072352
ER-,ATP5C1_1,PEX13_1,-0.0646966139306946
ER-,ATP5G3_1,UQCRQ_1,-0.0646779600839115
ER-,TRA2B_1,GEMIN8_1,0.0646771076242897
ER-,ATP5J_1,AP1S1_1,-0.0644985341224553
ER-,TRA2B_1,SF3B5_1,-0.0644761354047145
ER-,HNRNPC_1,SHFM1_1,-0.0641502360921652
ER-,EPN1_1,CDC34_1,-0.0639838019027345
ER-,SNRPA_1,SOD1_1,0.0639792146623028
ER-,FUCA2_1,UQCRH_1,-0.0639608874296748
ER-,ATP5C1_1,MPV17L2_1,-0.0636906143569627
ER-,EIF5B_1,CAPZB_1,0.0634363772829403
ER-,NARS_1,ATP5E_1,-0.06331252721269
ER-,PARP2_1,EIF5B_1,0.063303665256436
ER-,HNRNPC_1,PIGY_1,-0.063075315070931
ER-,EPN1_1,CWC15_1,-0.0629819742274246
ER-,APEX1_1,GGPS1_1,-0.0629525110200219
ER-,ATIC_1,EIF3C_1,-0.062772982399337
ER-,HSPD1_1,GARS_1,-0.0625108040493088
ER-,UQCRC2_1,MCAT_1,-0.0623424717447017
ER-,PGK1_1,PEX13_1,-0.0621709946977496
ER-,PRDX5_1,CDC34_1,-0.0617067280970383
ER-,SNRPD1_1,COX4I1_1,-0.0616168605077655
ER-,EIF5B_1,P2RX5_1,0.0615114626637498
ER-,RIOK2_1,EIF3CL_1,-0.0613822966718529
ER-,COX4I1_1,HSPA9_1,-0.0613404913652624
ER-,ATP5G3_1,EIF6_1,-0.0612341278817522
ER-,SNRPD1_1,PIGY_1,-0.0611717179106026
ER-,BUD31_1,P2RX5_1,-0.0611273041890009
ER-,UBE2D2_1,PQBP1_1,-0.0611133887720209
ER-,COX6B1_1,EIF3C_1,-0.0611088605333333
ER-,PRDX5_1,WARS_1,-0.0610132811224614
ER-,COX7A2L_1,SOD1_1,-0.0608841509810779
ER-,TAF9_1,ATP5E_1,-0.0607196407037755
ER-,ARHGDIA_1,EIF3C_1,-0.0607091261055524
ER-,ATP5C1_1,CIRH1A_1,-0.0605768023497103
ER-,HNRNPU_1,HNRNPA1_1,-0.0605419326668645
ER-,HSP90B1_1,UBE2L3_1,-0.0604117800696189
ER-,SH3GL1_1,TBL3_1,-0.0601249103156114
ER-,HSP90B1_1,EIF1_1,-0.0601218645077427
ER-,COX6B1_1,ATP5J2_1,-0.0592144402812432
ER-,UQCRC2_1,NOP56_1,-0.0591691092236997
ER-,TRA2B_1,COX6A1_1,0.0590371081720357
ER-,NAPA_1,VAMP8_1,-0.058975897090391
ER-,COX4I1_1,PRDX1_1,-0.0589088473499815
ER-,ATP5G2_1,TAF10_1,-0.0587254182016187
ER-,CAPZB_1,GARS_1,-0.0584604666931602
ER-,ARPC1A_1,SNRPD3_1,-0.0584459075438623
ER-,ATP5G2_1,EPN1_1,-0.0584023294698842
ER-,UQCR10_1,TAF10_1,-0.0581365763910883
ER-,PQBP1_1,YWHAE_1,-0.0578275663594317
ER-,TUBA1C_1,UQCR10_1,-0.0577424484708616
ER-,UQCRC2_1,ARHGDIA_1,-0.0575464627353208
ER-,FTH1_1,RNF7_1,0.0573602781384808
ER-,SNRPA_1,DCP2_1,-0.0567741413019597
ER-,HSD17B10_1,CDC34_1,-0.0565517508830045
ER-,HNRNPU_1,GGPS1_1,-0.0564073448933574
ER-,HNRNPA1_1,ELK1_1,0.0562120723669287
ER-,EIF2S3_1,YWHAE_1,-0.0561858265235678
ER-,SNRPD1_1,EIF6_1,-0.0559994737748199
ER-,FIS1_1,COX5B_1,-0.0558276940543634
ER-,ECH1_1,SNRNP70_1,-0.055748668580882
ER-,UQCRFS1_1,PRDX1_1,-0.055684480104337
ER-,EIF2S3_1,COX5B_1,-0.0554944356107314
ER-,PQBP1_1,COX5A_1,-0.0553262777067933
ER-,QARS_1,DNASE2_1,-0.0552194068771817
ER-,TAF9_1,CHMP4B_1,-0.0548897673919507
ER-,TCOF1_1,GEMIN7_1,-0.0548427154862706
ER-,PRDX5_1,EIF3C_1,-0.054764531474437
ER-,HSPA9_1,TXNL4A_1,-0.054721958377939
ER-,EIF1AX_1,ARF5_1,-0.0546475269739511
ER-,TRA2A_1,CNOT3_1,-0.0546225013813613
ER-,GARS_1,EIF3C_1,-0.054573321041931
ER-,UQCRB_1,ARPC3_1,-0.0544572408322813
ER-,COX7B_1,GARS_1,-0.0541916177265392
ER-,PABPN1_1,UQCRC2_1,-0.0541161063786597
ER-,PGK1_1,QARS_1,0.0540790302355105
ER-,ATP5E_1,PQBP1_1,-0.054066793719611
ER-,EPN1_1,SDHC_1,-0.0538020132501474
ER-,GAPDH_1,TXNL4A_1,-0.0535256701129579
ER-,ATP5C1_1,EIF6_1,-0.0534022258166683
ER-,TUBA1B_1,AP1S1_1,-0.0533644911657742
ER-,FARSB_1,ATP5J2_1,-0.0532370476248896
ER-,APEX1_1,UQCRC1_1,-0.053232259902834
ER-,EHD1_1,CWC15_1,-0.0531798428349029
ER-,TRA2B_1,GEMIN7_1,0.0529073397034181
ER-,PIGY_1,ATP5H_1,-0.0528614854249546
ER-,SNRPD3_1,COX6A1_1,0.0528346762982838
ER-,ATP5J2_1,NAPA_1,-0.0527290876607728
ER-,ATG12_1,TRA2A_1,-0.0527032635624152
ER-,ATP5E_1,EIF3C_1,-0.0524707566848106
ER-,UBE2D2_1,EIF2S3_1,-0.0524013019541237
ER-,ARPC3_1,FIS1_1,-0.0523585821002759
ER-,P2RX5_1,UBE2L3_1,-0.0522596336155806
ER-,COX7C_1,ARF5_1,-0.0521663504990736
ER-,ARPC3_1,WARS_1,-0.0520521693640879
ER-,HSPA9_1,EIF6_1,-0.0519258202881316
ER-,PRDX1_1,CDC34_1,-0.0518024074284628
ER-,UBE2D2_1,MPV17L2_1,-0.0514759032365371
ER-,COX4I1_1,PQBP1_1,-0.0512139256818637
ER-,SSU72_1,ATP5G3_1,-0.0510651872694095
ER-,PDHA1_1,UBE2L3_1,-0.0510375285273863
ER-,EIF5B_1,TBL3_1,-0.0509884780690363
ER-,ATP5C1_1,CAPZB_1,-0.050973116256715
ER-,EIF1AX_1,SF3B5_1,-0.05096696427986
ER-,EIF5B_1,ATP5B_1,-0.050433928373919
ER-,EIF6_1,PRDX1_1,-0.0503560626642461
ER-,PGK1_1,CAPZB_1,-0.0503341588870551
ER-,FTH1_1,WARS_1,-0.0502565744028847
ER-,TRA2B_1,WIPI2_1,-0.0502518944138999
ER-,PCBP1_1,ATP5G2_1,0.0502335605331389
ER-,DKC1_1,AP1S1_1,-0.0502009771148434
ER-,UQCRFS1_1,COX7A2L_1,-0.0501786387685101
ER-,ECH1_1,EHD1_1,-0.0501199847080824
ER-,TUBA1C_1,SDHC_1,-0.0500187571156845
ER-,WARS_1,NAPA_1,-0.0496844481064045
ER-,APEX1_1,UQCRQ_1,-0.0495805099729879
ER-,EXOSC2_1,ARF5_1,-0.0494830278284233
ER-,FTL_1,SH3GL1_1,0.0494118509468849
ER-,ARPC5L_1,GARS_1,-0.0490369331821418
ER-,SOD1_1,TAF10_1,-0.0490356179834227
ER-,PARP2_1,SDHC_1,0.0490261551252832
ER-,TRA2B_1,SHFM1_1,0.0490157787751259
ER-,COX5A_1,TBL3_1,-0.0489881959461771
ER-,HSP90B1_1,EIF3CL_1,-0.0489400845766332
ER-,EHD1_1,TBL3_1,-0.0489395879943643
ER-,HNRNPA1_1,ARF5_1,-0.048836369339062
ER-,COX6B1_1,PQBP1_1,-0.0486324174054865
ER-,PRDX5_1,PQBP1_1,-0.04840025904582
ER-,TRA2B_1,COX5B_1,0.0481721742650834
ER-,MPV17L2_1,GEMIN8_1,-0.0478663707304765
ER-,PARP2_1,ELK1_1,-0.0476754725766248
ER-,WIPI2_1,RAD23A_1,-0.0475598840254874
ER-,UQCRFS1_1,ETF1_1,-0.0474949099353973
ER-,COX5B_1,CDC34_1,-0.0474227084285912
ER-,SDHC_1,GPI_1,-0.0474224198253564
ER-,HSPA9_1,SH3GL1_1,0.0471287626888271
ER-,UQCRC2_1,ATP5J2_1,-0.0469216720192432
ER-,FTH1_1,CWC15_1,-0.0460516303746387
ER-,COX4I1_1,UBE2L3_1,-0.0460475010063238
ER-,PQBP1_1,TBL3_1,-0.0460026538874908
ER-,FARSB_1,BUD31_1,-0.0456932781815744
ER-,CWC15_1,TBL3_1,-0.0455207275563394
ER-,COX4I1_1,HSD17B10_1,-0.0454198029518567
ER-,PQBP1_1,CDC34_1,-0.0453941493732327
ER-,ARPC3_1,ATP5E_1,-0.0453907528495759
ER-,HSD17B10_1,GEMIN7_1,-0.0452970040801606
ER-,FARSB_1,RNASEH2C_1,-0.044948912312126
ER-,TXNL4A_1,EIF3C_1,-0.0448794594190761
ER-,SNRPD2_1,ATP5L_1,-0.0448687954400431
ER-,ATP5B_1,TRA2B_1,-0.0446937729799456
ER-,FUNDC1_1,TBL3_1,-0.0446720270488071
ER-,UBE2D2_1,YWHAE_1,-0.0445121802627593
ER-,GAPDH_1,CWC15_1,-0.044405145251135
ER-,PABPN1_1,RNF7_1,0.0443808307547334
ER-,UQCRFS1_1,SNRPA_1,-0.0443532484845469
ER-,ATP5A1_1,DDX42_1,-0.0441908288380747
ER-,BUD31_1,DDX42_1,-0.0440487237914738
ER-,GAPDH_1,ATP5G2_1,-0.0439589386715325
ER-,BUD31_1,GEMIN7_1,-0.0438345820066221
ER-,GEMIN7_1,PRDX1_1,-0.0437277602836653
ER-,EIF5B_1,PGK1_1,-0.0436697628471097
ER-,RIOK2_1,EHD1_1,0.0434771957538242
ER-,COX4I1_1,ATP5J2_1,-0.0434610458690031
ER-,ATP5E_1,ARF5_1,0.0432345947527844
ER-,FARSB_1,HSD17B10_1,-0.0431560928847284
ER-,COX4I1_1,EIF3C_1,-0.0425823339930217
ER-,HNRNPC_1,HSPA9_1,-0.0423545226675753
ER-,UBE2D2_1,UQCRFS1_1,-0.0423137114297904
ER-,UBE2L3_1,PEX13_1,-0.0422424432309718
ER-,ALDOA_1,COX7A2L_1,-0.042119603566665
ER-,UQCRQ_1,YWHAE_1,0.0419738697129083
ER-,ATP5A1_1,ALDOA_1,-0.0417223953857385
ER-,COX5A_1,VAMP8_1,-0.0413519790883367
ER-,HNRNPK_1,COX5A_1,0.0412544179927081
ER-,EXOSC2_1,ACTR3_1,0.0412397009655993
ER-,EPN1_1,GEMIN7_1,-0.0409600605740044
ER-,BUD31_1,NAPA_1,-0.0408342512032886
ER-,VAMP8_1,PRPF31_1,-0.0407294884207543
ER-,GAPDH_1,FIS1_1,-0.0404940607705414
ER-,FIS1_1,TBL3_1,-0.0404703209904132
ER-,HSPD1_1,EIF2S3_1,-0.0402038220277114
ER-,FTH1_1,UQCRB_1,0.0401778610612508
ER-,BUD31_1,EIF6_1,-0.0401259667593123
ER-,ARPC3_1,SF3B5_1,0.0400923738698576
ER-,NAPA_1,COX5B_1,-0.0400487498753775
ER-,SNRPA_1,EIF1AX_1,0.0399107800022752
ER-,ECH1_1,PGK1_1,0.0398778070206426
ER-,PABPN1_1,PGK1_1,0.0398676361023696
ER-,HNRNPC_1,ATP5B_1,-0.0397406581461064
ER-,PRDX5_1,SH3GL1_1,-0.0397334415763409
ER-,HSP90B1_1,UQCRC2_1,-0.0395492444144356
ER-,HSD17B10_1,EIF6_1,-0.0395233715898676
ER-,UQCRQ_1,NAPA_1,0.0393959448204087
ER-,COX6B1_1,SH3GL1_1,-0.0393413054694623
ER-,PRDX5_1,ATP5J2_1,-0.0393228905884942
ER-,DDX42_1,ATP5G2_1,-0.0389976304374523
ER-,UBA1_1,SH3GL1_1,0.0388636038244807
ER-,ATP5C1_1,FUNDC1_1,-0.0388459899961401
ER-,EIF5B_1,COX7A2L_1,-0.0387101571421306
ER-,GEMIN8_1,YWHAE_1,-0.0386734101972747
ER-,ALDOA_1,EIF1_1,-0.0386339111870701
ER-,PDHA1_1,CWC15_1,-0.0381601780981086
ER-,TRA2A_1,ELK1_1,0.0381392725580996
ER-,UQCRH_1,RARS_1,-0.038022567068565
ER-,GEMIN7_1,RNASEH2C_1,-0.0380026438369954
ER-,DKC1_1,UQCR10_1,-0.0379692369342743
ER-,COX7A2L_1,DNASE2_1,-0.0378522611384149
ER-,HNRNPK_1,TXNL4A_1,0.0375827188564163
ER-,PCBP1_1,NOP10_1,-0.0375818513453512
ER-,GARS_1,PEX13_1,-0.0375553948495062
ER-,EIF6_1,COX5B_1,-0.0375146261822801
ER-,TRA2B_1,RNF7_1,-0.0374895895628542
ER-,HSPA9_1,PABPN1_1,0.03736456887337
ER-,EIF3CL_1,CHMP4B_1,-0.0371806773954784
ER-,FARSB_1,GARS_1,-0.0371638015495763
ER-,PABPN1_1,EIF1AX_1,0.0370842089000492
ER-,UBE2M_1,CWC15_1,-0.0369659001547643
ER-,ATP5J2_1,EIF6_1,-0.0368299803322022
ER-,HNRNPC_1,ATP5H_1,-0.0367866348005441
ER-,COX7C_1,ECH1_1,0.0366505476632577
ER-,EIF3CL_1,ARHGDIA_1,-0.0365635014099392
ER-,TXNL4A_1,YWHAE_1,-0.036541117557794
ER-,KARS_1,UQCRQ_1,-0.0365176327604638
ER-,TXNL4A_1,DKC1_1,-0.0365066719780535
ER-,HNRNPA1_1,EMG1_1,0.0363366056003178
ER-,RAD23A_1,TAF10_1,-0.0362315880854387
ER-,WARS_1,VAMP8_1,-0.0361781184392935
ER-,QARS_1,SNRNP70_1,-0.036091550228563
ER-,FUNDC1_1,ATP5G2_1,-0.0360060860130405
ER-,APEX1_1,ARPC3_1,-0.0355724945276049
ER-,RNASEH2C_1,CWC15_1,-0.0355577410468572
ER-,EIF5B_1,UBE2M_1,0.0354625818271195
ER-,SNRPA_1,ATP5J_1,-0.0353482714342771
ER-,GEMIN7_1,TRA2A_1,-0.0353010327920339
ER-,TRA2B_1,CAPZB_1,0.0352726143571301
ER-,GAPDH_1,HNRNPK_1,0.0352455766179631
ER-,ARPC5L_1,EIF2S3_1,-0.0351030686611329
ER-,P2RX5_1,RAD23A_1,0.0350139443977561
ER-,PABPN1_1,HSPD1_1,0.034796455158152
ER-,ETF1_1,COX6A1_1,-0.0345347910460474
ER-,EIF2S3_1,PEX13_1,-0.0345306368126344
ER-,HNRNPC_1,ELK1_1,0.0345064037915596
ER-,RBBP4_1,ALDOA_1,0.0344309107145675
ER-,HNRNPC_1,UQCRB_1,-0.0343494111394016
ER-,HSP90B1_1,YWHAE_1,-0.0341866757907429
ER-,ALDOA_1,P2RX5_1,0.0341707941426997
ER-,COX5A_1,RNASEH2C_1,-0.0340900939874364
ER-,UQCRC2_1,ATP5H_1,-0.033994792608907
ER-,ALDOA_1,UQCRFS1_1,0.0338602325986048
ER-,EIF6_1,VAMP8_1,-0.0338332634062286
ER-,SF3B2_1,UQCRQ_1,0.0337681112775392
ER-,APEX1_1,AP1S1_1,-0.0337420211209105
ER-,PDHA1_1,P2RX5_1,-0.0336569645317008
ER-,PQBP1_1,RAD23A_1,0.0335497844219659
ER-,PABPN1_1,TXNL4A_1,0.0334185539167763
ER-,ATP5L_1,ATP5J2_1,0.0334022877948154
ER-,UQCRH_1,PEX13_1,-0.033348148350356
ER-,UQCRFS1_1,ATP5H_1,-0.0333085805434243
ER-,UQCRB_1,UQCRH_1,0.0330838296867011
ER-,ATP5J2_1,ATP5H_1,-0.0330827967587989
ER-,GEMIN7_1,ELK1_1,-0.0330262717938815
ER-,QARS_1,YWHAE_1,-0.032959611598366
ER-,UBE2D2_1,NAPA_1,-0.0329109380922767
ER-,EIF5B_1,EIF3C_1,0.0324692500154235
ER-,ATP5J2_1,SNRPD3_1,0.0323757817635317
ER-,HNRNPK_1,HSPD1_1,0.0322012217718285
ER-,PDHA1_1,YWHAE_1,-0.0320854991755837
ER-,SNRPA_1,UQCRB_1,0.0319511031212176
ER-,UQCRC2_1,COX5B_1,-0.0319459431880003
ER-,TCOF1_1,AP1S1_1,-0.0318595576603541
ER-,TXNL4A_1,ATP5G2_1,-0.0317165192813554
ER-,ARPC5L_1,CWC15_1,-0.0316633131444177
ER-,EIF5B_1,SF3B5_1,-0.0313628958298876
ER-,TRA2B_1,PDHA1_1,0.0313018704549872
ER-,COX5B_1,TAF10_1,-0.0311063590783988
ER-,ATIC_1,DNASE2_1,-0.031096664354175
ER-,FARSB_1,UBE2L3_1,-0.0310718687504812
ER-,SNRPA_1,UQCRQ_1,0.030945223141782
ER-,HSD17B10_1,RAD23A_1,0.0307868167677715
ER-,RBMX_1,BUD31_1,-0.0305424163648976
ER-,UQCRQ_1,SNRPD3_1,-0.0305072350555937
ER-,EIF2S3_1,COX5A_1,-0.0304606976396996
ER-,GARS_1,CWC15_1,-0.0301699722271769
ER-,TRA2B_1,ARPC5L_1,0.0301141045558
ER-,PARP2_1,GARS_1,0.0298422269633842
ER-,ECH1_1,UBE2L3_1,-0.0294220560594185
ER-,FTH1_1,CNOT3_1,-0.02935599875303
ER-,UBE2L3_1,CDC34_1,-0.0293469543378685
ER-,EXOSC2_1,DNASE2_1,-0.0293331325270679
ER-,COX7A2L_1,EHD1_1,-0.0292780335035102
ER-,UQCR10_1,GPI_1,-0.0292768037830417
ER-,COX7C_1,ATP5E_1,0.0292474553465521
ER-,PABPN1_1,UQCRB_1,-0.029056506441912
ER-,EIF3I_1,RAD23A_1,-0.0289577411716086
ER-,UBE2L3_1,EIF6_1,-0.0287873617266447
ER-,SNRPA_1,EIF3CL_1,0.0287582459119881
ER-,GEMIN7_1,ARHGDIA_1,-0.0286674215943125
ER-,ALDOA_1,TRA2B_1,-0.0286575196787289
ER-,ATP5E_1,RARS_1,-0.0286293830486761
ER-,HSP90B1_1,PARP2_1,-0.0285188262018104
ER-,TCOF1_1,UQCRQ_1,-0.0284999197193325
ER-,UQCRC2_1,COX5A_1,-0.0282081080812308
ER-,EIF2S3_1,VAMP8_1,-0.0281959600338949
ER-,PRDX5_1,CWC15_1,-0.0281137359153554
ER-,EIF2S3_1,TAF10_1,0.028100306568059
ER-,PABPN1_1,RIOK2_1,-0.0279748745722866
ER-,AP1S1_1,VAMP8_1,0.02796372610485
ER-,YWHAE_1,TAF10_1,0.0276305685741606
ER-,PQBP1_1,SNRPD3_1,0.027585883894152
ER-,HSP90B1_1,PABPN1_1,0.027545150715282
ER-,ATP5E_1,SDHB_1,-0.0274072915626448
ER-,COX4I1_1,ATP5L_1,0.0272717024957773
ER-,ATP5L_1,PQBP1_1,0.0272175220167756
ER-,UQCRFS1_1,YWHAE_1,-0.0271901997468394
ER-,FARSB_1,HSPD1_1,-0.0270729849965364
ER-,ARPC3_1,RAD23A_1,-0.0270287711186716
ER-,HNRNPC_1,UQCR10_1,-0.0268479401347666
ER-,HSP90B1_1,TRA2B_1,0.0263595630872235
ER-,HSPA9_1,UQCRFS1_1,-0.0262370525035376
ER-,QARS_1,ACTR3_1,0.0261792532863912
ER-,UQCRC1_1,SOD1_1,-0.0261271737433458
ER-,ELK1_1,RAD23A_1,0.0261249433024561
ER-,COX4I1_1,YWHAE_1,-0.0260503172838182
ER-,RIOK2_1,FUNDC1_1,-0.0260332011726279
ER-,HNRNPU_1,WARS_1,-0.0260020645512012
ER-,HSP90B1_1,MPV17L2_1,-0.0259401930139998
ER-,CAPZB_1,TBL3_1,-0.0258969031227835
ER-,UBE2D2_1,FIS1_1,-0.0257267030820228
ER-,EIF5B_1,UBE2D2_1,0.0255847603310847
ER-,SNRPD3_1,VAMP8_1,0.0254961084143771
ER-,GEMIN8_1,RAD23A_1,-0.0254702760410295
ER-,TRA2B_1,TUBA1B_1,0.0253988414823144
ER-,GEMIN7_1,TAF10_1,0.0252251531746515
ER-,HSP90B1_1,CWC15_1,-0.0249493824005321
ER-,PIGY_1,SH3GL1_1,0.0249470962981982
ER-,ELK1_1,CNOT3_1,-0.0248556821648685
ER-,HNRNPK_1,CWC15_1,0.0247344444695727
ER-,SNRPA_1,ARPC3_1,0.0246346373540778
ER-,EIF5B_1,VAMP8_1,0.0246223011355006
ER-,UBE2D2_1,PABPN1_1,0.024579522392141
ER-,EIF3CL_1,ATP5L_1,-0.0245482277877807
ER-,SNRPA_1,TAF10_1,0.0244568728956582
ER-,HNRNPA1_1,ACTR3_1,0.0242701389864878
ER-,PABPN1_1,ECH1_1,-0.0242385169588494
ER-,HSPD1_1,PDHA1_1,-0.0242236292147213
ER-,ATP5A1_1,SF3B5_1,0.0242233213186023
ER-,UBE2D2_1,ARPC5L_1,-0.0241704915758094
ER-,UQCRFS1_1,FIS1_1,-0.0240142660555763
ER-,COX7B_1,SNX5_1,0.0239916538492492
ER-,COX4I1_1,VAMP8_1,-0.0239871526093661
ER-,EXOSC2_1,SNRNP70_1,-0.0239443828137354
ER-,UQCRC2_1,MPV17L2_1,-0.0239313474894389
ER-,TXNL4A_1,NAPA_1,-0.0239121261307746
ER-,PARP2_1,PDHA1_1,-0.0238950020028411
ER-,UQCRFS1_1,EIF3C_1,-0.0236962660346105
ER-,PDHA1_1,PEX13_1,-0.0235307245896932
ER-,AP1S1_1,GPI_1,-0.023506484438738
ER-,FIS1_1,CWC15_1,-0.023222357984899
ER-,EIF5B_1,UQCRQ_1,-0.0230160467477776
ER-,DNASE2_1,TBL3_1,-0.022777904510028
ER-,P2RX5_1,FIS1_1,-0.0227280647463013
ER-,GGPS1_1,SF3B5_1,0.022685333850734
ER-,GAPDH_1,SNRPD2_1,0.0224941155765252
ER-,UBE2L3_1,GEMIN7_1,-0.0224070080214098
ER-,DNASE2_1,SH3GL1_1,-0.0220952542097298
ER-,SNRPD2_1,COX5B_1,0.0220044351301461
ER-,SNRPA_1,TCOF1_1,-0.0217269615743674
ER-,TRA2A_1,VAMP8_1,0.0213528722168769
ER-,HSP90B1_1,SNRPA_1,0.0211236532631707
ER-,ARPC1A_1,ARHGDIA_1,-0.0210935300849779
ER-,MPV17L2_1,YWHAE_1,-0.0209986387845536
ER-,FARSB_1,MPV17L2_1,-0.0209680846826722
ER-,EIF1_1,TRA2A_1,-0.0206431495889285
ER-,FIS1_1,RAD23A_1,0.0204097497805954
ER-,MPV17L2_1,PEX13_1,-0.0203783470281006
ER-,COX4I1_1,SNRPD3_1,0.0201900877781268
ER-,EIF3CL_1,YWHAE_1,-0.0201468158368304
ER-,HNRNPK_1,SHFM1_1,0.0200984015668758
ER-,EIF5B_1,ELK1_1,0.0200079441996865
ER-,UBE2D2_1,CAPZB_1,-0.0199050287526003
ER-,EIF1_1,NAPA_1,-0.01963242894114
ER-,TRA2B_1,PRDX1_1,0.0195219370737241
ER-,ATP5J2_1,TAF10_1,0.0193813027254002
ER-,NAPA_1,YWHAE_1,-0.019318071775352
ER-,WARS_1,TBL3_1,-0.0192651361282104
ER-,ATP5G2_1,YWHAE_1,-0.0192563722647579
ER-,PDHA1_1,MPV17L2_1,-0.0190367212812584
ER-,SNRPA_1,ARHGDIA_1,-0.0188305983577318
ER-,HSP90B1_1,ARPC5L_1,-0.0188276885750222
ER-,ARPC5L_1,UQCRC2_1,-0.0186740640309326
ER-,SUMO3_1,CHMP4B_1,-0.0185186058308023
ER-,TAF9_1,COX8A_1,-0.0185127884347551
ER-,ATP5G2_1,CWC15_1,-0.0184891793599246
ER-,PDHA1_1,COX5A_1,-0.0184830943626652
ER-,ATP5A1_1,ARF5_1,0.0183086578828917
ER-,ARPC5L_1,HSPD1_1,-0.0182972018911558
ER-,QARS_1,EHD1_1,-0.0182872387463557
ER-,HSPD1_1,TAF10_1,0.0182451499550563
ER-,EIF5B_1,DNASE2_1,-0.0182035924465092
ER-,GEMIN7_1,COX5B_1,-0.0181622021405833
ER-,ATP5A1_1,TOMM7_1,0.0181210174985173
ER-,ARF5_1,SNRPD3_1,0.0179740857591606
ER-,EIF6_1,RAD23A_1,0.0178141991363229
ER-,PDHA1_1,CDC34_1,-0.0178058223897042
ER-,EIF3I_1,SH3GL1_1,-0.0177053527293428
ER-,EIF1_1,CWC15_1,-0.0176833401814106
ER-,TXNL4A_1,UQCRC2_1,-0.0175610302192218
ER-,HSPD1_1,EIF1AX_1,-0.017331741989577
ER-,TXNL4A_1,UQCRH_1,-0.0173266176157274
ER-,MPV17L2_1,EIF6_1,-0.0172888744530916
ER-,PQBP1_1,ATP5H_1,-0.0171241387232432
ER-,SUMO3_1,ATP5G3_1,0.0171068985395685
ER-,HSP90B1_1,PEX13_1,-0.0171057143668934
ER-,GGPS1_1,TOMM7_1,-0.016981739513019
ER-,RAD23A_1,PEX13_1,0.0169531292104108
ER-,HNRNPC_1,CHMP4B_1,0.0168149674108449
ER-,HNRNPC_1,ACTR3_1,0.0167648120987342
ER-,YWHAE_1,SH3GL1_1,-0.016706340058921
ER-,FTH1_1,U2AF1_1,0.0166768509227378
ER-,EIF2S3_1,SNRPD3_1,0.016636564864198
ER-,SHFM1_1,SOD1_1,-0.0164949808528052
ER-,VAMP8_1,TBL3_1,-0.0164127942770648
ER-,SNRPD2_1,MCAT_1,-0.0163377656373044
ER-,UBE2D2_1,PDHA1_1,-0.016185993533885
ER-,COX4I1_1,GARS_1,-0.0156601652513712
ER-,MPV17L2_1,CWC15_1,-0.0155454273431395
ER-,SNRPD1_1,CETN2_1,-0.0155102465608722
ER-,SHFM1_1,AP1S1_1,-0.0154962305304936
ER-,EIF5B_1,EHD1_1,-0.0154627644629226
ER-,RAD23A_1,CDC34_1,0.0153737638369345
ER-,COX7A2L_1,EXOSC2_1,-0.0153058198502677
ER-,GARS_1,CDC34_1,-0.0152677858950675
ER-,GAPDH_1,AP1S1_1,-0.0145566755536167
ER-,ALDOA_1,ATG3_1,-0.0144524286450477
ER-,GAPDH_1,PDHA1_1,-0.0144273408271665
ER-,UQCRFS1_1,UQCRC2_1,-0.014328498861532
ER-,ALDOA_1,TCOF1_1,-0.0141938489496017
ER-,HNRNPK_1,CDC34_1,0.0141701136667368
ER-,UBE2D2_1,SOD1_1,-0.0140314053024409
ER-,QARS_1,UBE2L3_1,-0.0140272151291186
ER-,FARSB_1,UQCRH_1,-0.0140145812488793
ER-,HSP90B1_1,ATP5L_1,0.0140018491823636
ER-,EIF3CL_1,MPV17L2_1,-0.0139882732300817
ER-,GAPDH_1,COX5A_1,-0.0139478478901137
ER-,SNRPD2_1,YWHAE_1,0.0138863363518227
ER-,ATP5G2_1,CNOT3_1,-0.0138103490111822
ER-,PABPN1_1,EIF1_1,0.0136180769137951
ER-,RNF7_1,NPRL2_1,-0.0135539731033227
ER-,PABPN1_1,TRA2B_1,-0.0135467372347304
ER-,EIF1_1,TAF10_1,0.0133820615152686
ER-,HSP90B1_1,PDHA1_1,-0.0131223359112752
ER-,ATP5E_1,ATP5L_1,0.0130120359780143
ER-,SNRPA_1,TBL3_1,0.0129713025182484
ER-,FTL_1,UQCRQ_1,-0.0129322577067552
ER-,YWHAE_1,TBL3_1,0.012550281784798
ER-,HNRNPK_1,NOP10_1,0.0121954733586495
ER-,UQCR10_1,PRDX1_1,-0.0121322081276394
ER-,COX7C_1,PRDX1_1,0.0120421640371676
ER-,COX5A_1,FIS1_1,-0.0120111738326504
ER-,COX7A2L_1,P2RX5_1,-0.0119745892932004
ER-,HNRNPK_1,MPV17L2_1,0.0118528796234945
ER-,HSPD1_1,MPV17L2_1,-0.0118017631580261
ER-,UBE2D2_1,EIF1AX_1,-0.0117928261428158
ER-,NARS_1,SH3GL1_1,-0.011727099121291
ER-,PABPN1_1,UQCRC1_1,0.0115685165625458
ER-,COX6B1_1,PABPN1_1,0.0113799034567198
ER-,COX4I1_1,UQCRH_1,-0.0113512534253479
ER-,UQCRC1_1,AP1S1_1,-0.0112436353893013
ER-,ATP5L_1,FIS1_1,0.0112305022277027
ER-,TRA2B_1,MPV17L2_1,0.0112290098058953
ER-,P2RX5_1,CWC15_1,-0.0111861306004857
ER-,UBE2D2_1,EIF1_1,-0.0111093416335701
ER-,EIF5B_1,TRA2A_1,-0.0110902438182578
ER-,HSPD1_1,SOD1_1,-0.0109443922880512
ER-,SF3B4_1,SH3GL1_1,-0.0109275444159642
ER-,HNRNPA1_1,EIF6_1,0.0108165635520781
ER-,AP1S1_1,ELK1_1,-0.0107853830343025
ER-,ATP5A1_1,TUBA1C_1,-0.0105518444314996
ER-,HNRNPK_1,TUBA1B_1,-0.0105095721380776
ER-,COX4I1_1,EIF3CL_1,-0.010379732083673
ER-,SNRPG_1,SOD1_1,-0.0103743463292894
ER-,HNRNPC_1,PABPN1_1,0.0102518896757661
ER-,EIF6_1,TBL3_1,-0.0102273004506135
ER-,EIF1_1,YWHAE_1,-0.0101918234259402
ER-,RNF7_1,TBL3_1,0.0101232778812832
ER-,HNRNPK_1,NOP58_1,0.010048499457816
ER-,ECH1_1,COX7A2L_1,-0.00995874536895655
ER-,FTH1_1,FTL_1,-0.0098901087805633
ER-,SNRPD1_1,ALDOA_1,-0.00981497082826891
ER-,NAPA_1,PEX13_1,-0.00963771292743232
ER-,PABPN1_1,GPI_1,0.0096140491675911
ER-,MPV17L2_1,VAMP8_1,-0.00954935444594745
ER-,COX4I1_1,PDHA1_1,-0.00937982285699027
ER-,FUCA2_1,ATP5E_1,-0.00934278059074782
ER-,P2RX5_1,SNRPD3_1,0.00933254087452599
ER-,MPV17L2_1,NAPA_1,-0.00927574164510073
ER-,EIF5B_1,GEMIN8_1,-0.00925197546595261
ER-,P2RX5_1,NAPA_1,-0.00923298092242131
ER-,TRA2B_1,BUD31_1,0.00894041910579166
ER-,PDHA1_1,SNRPD3_1,0.00885972577029711
ER-,FTH1_1,GEMIN7_1,0.00879581325266653
ER-,UBE2D2_1,SNRPA_1,-0.00875935382834532
ER-,COX7C_1,CD63_1,-0.00861952082734302
ER-,ATP5O_1,ATP5G3_1,-0.00852029128263696
ER-,PDHA1_1,GEMIN7_1,-0.00848253237033006
ER-,UQCRC2_1,EIF2S3_1,-0.00838735590741275
ER-,HSP90B1_1,EIF1AX_1,-0.00822748361111669
ER-,SNRPD2_1,UQCRB_1,-0.00820246878310072
ER-,PDHA1_1,EIF6_1,-0.00812512383382379
ER-,HSP90B1_1,HNRNPK_1,0.00810070429402863
ER-,UQCRH_1,TAF10_1,-0.00802437750079893
ER-,UBE2D2_1,FARSB_1,-0.00795052982943632
ER-,PIGY_1,ATP5G2_1,-0.00777303256361518
ER-,RNF7_1,UQCRQ_1,-0.00768886429182991
ER-,COX7A2L_1,FUNDC1_1,-0.00768081243272569
ER-,FTH1_1,RAD23A_1,-0.0074953707051086
ER-,FIS1_1,YWHAE_1,-0.00746889375472432
ER-,RNF7_1,EPN1_1,-0.00744564491911176
ER-,RNF7_1,NOP10_1,-0.00737364026934974
ER-,FTH1_1,UBE2M_1,0.0073660242834125
ER-,ATP5A1_1,UQCRQ_1,-0.00716279128618553
ER-,ATP5G2_1,NAPA_1,-0.00703805379597123
ER-,CAPZB_1,P2RX5_1,-0.00689513576950725
ER-,GAPDH_1,TAF10_1,0.00684841818229014
ER-,SNX5_1,ATP5G3_1,0.00683423733674496
ER-,HNRNPA1_1,NPRL2_1,-0.00678952390341541
ER-,HNRNPC_1,COX7C_1,0.00675759562144706
ER-,GEMIN7_1,FIS1_1,-0.00656368967560667
ER-,CAPZB_1,CDC34_1,-0.00651778367363834
ER-,HSP90B1_1,UQCR10_1,-0.00647349447092472
ER-,UQCRC2_1,UQCR10_1,-0.00647045787621341
ER-,ATP5L_1,ARHGDIA_1,0.00635004570819697
ER-,TAF9_1,SF3B5_1,0.00632853697189098
ER-,GAPDH_1,UBE2D2_1,-0.00624151644495893
ER-,SOD1_1,RNASEH2C_1,-0.00620835610246185
ER-,UBE2D2_1,COX7A2L_1,-0.00616754436471534
ER-,PABPN1_1,COX5A_1,0.00610026194927356
ER-,HSP90B1_1,SNRPD2_1,0.0059972501248736
ER-,MPV17L2_1,CDC34_1,-0.00594556050737939
ER-,RNF7_1,COX6A1_1,-0.00592502091237524
ER-,TXNL4A_1,P2RX5_1,-0.00572303774637463
ER-,EIF6_1,CWC15_1,-0.00569063772572273
ER-,RBBP4_1,CAPZB_1,-0.00567616557633866
ER-,HSP90B1_1,COX7A2L_1,-0.00563823470706483
ER-,BUD31_1,AP1S1_1,-0.00557615812411523
ER-,U2AF1_1,ATP5E_1,-0.00555055685298395
ER-,SNRPD1_1,SNRPD2_1,-0.00549545545514067
ER-,TXNL4A_1,COX7A2L_1,-0.00532580675122522
ER-,PABPN1_1,CWC15_1,0.00521882259542458
ER-,EIF1_1,TOMM7_1,0.00509177473647397
ER-,COX7C_1,ARHGDIA_1,-0.00507210081005831
ER-,UBE2D2_1,HSPD1_1,-0.00503557104322199
ER-,HNRNPA1_1,PEX13_1,0.00499840799000871
ER-,UBE2D2_1,AP1S1_1,-0.0049027288780384
ER-,ATP5A1_1,SF3B4_1,0.00481356658179582
ER-,EIF1AX_1,YWHAE_1,-0.00474868117023255
ER-,SNRPD2_1,EIF3C_1,0.00459927056915231
ER-,QARS_1,RNASEH2C_1,-0.0045077942637521
ER-,HSP90B1_1,UQCRFS1_1,-0.00445556997143526
ER-,UQCRH_1,EIF6_1,-0.00439904122685105
ER-,ALDOA_1,NOP58_1,-0.00434289350000179
ER-,GEMIN7_1,TBL3_1,-0.00432925736527984
ER-,HNRNPK_1,UQCRH_1,-0.00426406397986703
ER-,GAPDH_1,UQCR10_1,-0.00413676990507209
ER-,UQCRC2_1,COX6A1_1,0.00405590208717779
ER-,RNF7_1,STUB1_1,-0.00401687017729165
ER-,FTH1_1,SF3B2_1,-0.0039737242055014
ER-,MPV17L2_1,TAF10_1,0.0037948688968407
ER-,SNRPA_1,ATP5G2_1,0.0035867409456845
ER-,UQCR10_1,ELK1_1,-0.00354264591088354
ER-,TRA2B_1,ATG12_1,0.00353161403782108
ER-,GAPDH_1,PEX13_1,-0.00348656771361788
ER-,UQCRC2_1,FIS1_1,-0.00347268766778172
ER-,TAF9_1,RAD23A_1,0.00346432452947433
ER-,TRA2B_1,SOD1_1,0.00331362828075394
ER-,STUB1_1,SNRPD3_1,-0.00329128421025134
ER-,ECH1_1,RNASEH2C_1,-0.00328085605725745
ER-,PRDX1_1,TAF10_1,0.00327484960853195
ER-,COX7A2L_1,HSPD1_1,-0.00325254901414829
ER-,ATP5G3_1,SF3B4_1,0.00325087415829271
ER-,TRA2B_1,FARSB_1,0.00309067832738711
ER-,RNF7_1,VAMP8_1,-0.00291212056681484
ER-,EXOSC2_1,RNASEH2C_1,-0.00286217655315609
ER-,P2RX5_1,COX5A_1,-0.00283010763777426
ER-,PAIP1_1,ATP5G3_1,-0.00269916471131203
ER-,SNRPA_1,ELK1_1,-0.00257725476413559
ER-,HNRNPK_1,SNX5_1,-0.0025653588057591
ER-,SHFM1_1,TAF10_1,0.00249600888622202
ER-,UQCRFS1_1,RNF7_1,-0.00243121493974486
ER-,ARPC5L_1,P2RX5_1,-0.00233356186564974
ER-,HSP90B1_1,UBE2D2_1,-0.00179951101363287
ER-,EIF5B_1,RIOK2_1,-0.0017862716154101
ER-,FARSB_1,EIF2S3_1,-0.00146881122610184
ER-,TXNL4A_1,TBL3_1,-0.00136442972957336
ER-,ATP5C1_1,AP1S1_1,-0.00128513080767022
ER-,ATP5G2_1,FIS1_1,-0.00123536570905047
ER-,HNRNPK_1,SNRPG_1,0.00120942917390294
ER-,ARPC5L_1,TAF10_1,0.000998847596178382
ER-,SUMO3_1,SH3GL1_1,0.000850410064332079
ER-,PAIP1_1,BUD31_1,-0.000834767680681225
ER-,ARPC3_1,CNOT3_1,-0.000810082978415215
ER-,TAF9_1,TCOF1_1,0.000797202968801439
ER-,UQCRFS1_1,MPV17L2_1,-0.000774172796080761
ER-,HNRNPA1_1,PGK1_1,0.000716619329771304
ER-,EIF2S3_1,ATP5G2_1,-0.000688015993044002
ER-,ARF5_1,ATP5L_1,0.000682191970824884
ER-,TXNL4A_1,EIF6_1,-0.000554214005685974
ER-,AP1S1_1,TRA2A_1,-0.00054758989236567
ER-,UQCRH_1,EIF2S3_1,-0.000495800121821578
ER-,GAPDH_1,ARPC5L_1,-0.000395390416145601
ER-,EIF4A1_1,ATP5G3_1,-0.000182409760160216
ER-,SNRPA_1,CWC15_1,-0.000124985785590985
ER-,NAPA_1,TAF10_1,8.61031140614182e-05
